SCHOOL_ID,SCHOOL_NAME,STATUS_SY1617,GRADE_CAT_SY1617,GOVERNANCE_SY1617,NETWORK_SY1617,BOUNDARY_SY1617,TA,RA,ANR,RNA,TR,RA/TA,ANR/TA,RA/TR,RNA/TR
609674,CHICAGO VOCATIONAL HS,ACTIVE,HS,Network 12,District,Attendance Area School,923,308,615,2241,2549,0.3336944745,0.6663055255,0.1208316987,0.8791683013
609682,RICHARDS HS,ACTIVE,HS,Network 8,District,Attendance Area School,252,107,145,1273,1380,0.4246031746,0.5753968254,0.07753623188,0.9224637681
609691,NORTH-GRAND HS,ACTIVE,HS,Network 5,District,Attendance Area School,961,387,574,592,979,0.4027055151,0.5972944849,0.3953013279,0.6046986721
609695,AMUNDSEN HS,ACTIVE,HS,Network 2,District,Attendance Area School,1172,310,862,722,1032,0.2645051195,0.7354948805,0.3003875969,0.6996124031
609698,BOGAN HS,ACTIVE,HS,Network 10,District,Attendance Area School,798,554,244,2887,3441,0.694235589,0.305764411,0.1609997094,0.8390002906
609704,FARRAGUT HS,ACTIVE,HS,Network 7,District,Attendance Area School,843,718,125,2724,3442,0.8517200474,0.1482799526,0.2085996514,0.7914003486
609705,FENGER HS,ACTIVE,HS,Network 13,District,Attendance Area School,230,165,65,1864,2029,0.7173913043,0.2826086957,0.08132084771,0.9186791523
609707,ROBESON HS,ACTIVE,HS,Network 11,District,Attendance Area School,151,86,65,2237,2323,0.5695364238,0.4304635762,0.03702109341,0.9629789066
609708,FOREMAN HS,ACTIVE,HS,Network 3,District,Attendance Area School,894,644,250,2841,3485,0.7203579418,0.2796420582,0.1847919656,0.8152080344
609709,GAGE PARK HS,ACTIVE,HS,Network 8,District,Attendance Area School,336,258,78,2497,2755,0.7678571429,0.2321428571,0.09364791289,0.9063520871
609710,HARLAN HS,ACTIVE,HS,Network 12,District,Attendance Area School,484,192,292,2500,2692,0.3966942149,0.6033057851,0.07132243685,0.9286775632
609711,HARPER HS,ACTIVE,HS,Network 11,District,Attendance Area School,167,114,53,1052,1166,0.6826347305,0.3173652695,0.09777015437,0.9022298456
609712,HIRSCH HS,ACTIVE,HS,Network 12,District,Attendance Area School,151,87,64,2414,2501,0.5761589404,0.4238410596,0.03478608557,0.9652139144
609713,HYDE PARK HS,ACTIVE,HS,Network 9,District,Attendance Area School,745,269,476,1856,2125,0.3610738255,0.6389261745,0.1265882353,0.8734117647
609715,KELLY HS,ACTIVE,HS,Network 8,District,Attendance Area School,2075,1468,607,2833,4301,0.7074698795,0.2925301205,0.341315973,0.658684027
609716,KELVYN PARK HS,ACTIVE,HS,Network 4,District,Attendance Area School,533,390,143,2696,3086,0.7317073171,0.2682926829,0.1263771873,0.8736228127
609718,KENNEDY HS,ACTIVE,HS,Network 10,District,Attendance Area School,1658,1253,405,850,2103,0.7557297949,0.2442702051,0.5958155017,0.4041844983
609719,LAKE VIEW HS,ACTIVE,HS,Network 2,District,Attendance Area School,1298,332,966,943,1275,0.2557781202,0.7442218798,0.2603921569,0.7396078431
609722,MANLEY HS,ACTIVE,HS,Network 5,District,Attendance Area School,177,132,45,2408,2540,0.7457627119,0.2542372881,0.05196850394,0.9480314961
609723,MARSHALL HS,ACTIVE,HS,Network 5,District,Attendance Area School,370,176,194,2016,2192,0.4756756757,0.5243243243,0.0802919708,0.9197080292
609724,MATHER HS,ACTIVE,HS,Network 2,District,Attendance Area School,1502,1211,291,1626,2837,0.8062583222,0.1937416778,0.4268593585,0.5731406415
609725,MORGAN PARK HS,ACTIVE,HS,Network 10,District,Attendance Area School,1420,494,926,1249,1743,0.3478873239,0.6521126761,0.2834193919,0.7165806081
609727,PHILLIPS HS,ACTIVE,HS,AUSL,District,Attendance Area School,558,282,276,3648,3930,0.5053763441,0.4946236559,0.07175572519,0.9282442748
609728,ROOSEVELT HS,ACTIVE,HS,Network 1,District,Attendance Area School,1198,810,388,2072,2882,0.6761268781,0.3238731219,0.281054823,0.718945177
609729,SCHURZ HS,ACTIVE,HS,Network 1,District,Attendance Area School,1812,961,851,4081,5042,0.5303532009,0.4696467991,0.1905989687,0.8094010313
609730,SENN HS,ACTIVE,HS,Network 2,District,Attendance Area School,1415,920,495,1834,2754,0.6501766784,0.3498233216,0.3340595497,0.6659404503
609732,STEINMETZ HS,ACTIVE,HS,Network 3,District,Attendance Area School,1374,1125,249,3233,4358,0.8187772926,0.1812227074,0.2581459385,0.7418540615
609733,SULLIVAN HS,ACTIVE,HS,Network 2,District,Attendance Area School,626,425,201,1539,1964,0.678913738,0.321086262,0.216395112,0.783604888
609734,TAFT HS,ACTIVE,HS,Network 1,District,Attendance Area School,3289,2576,713,1762,4338,0.7832167832,0.2167832168,0.5938220378,0.4061779622
609735,TILDEN HS,ACTIVE,HS,Network 8,District,Attendance Area School,280,156,124,2198,2354,0.5571428571,0.4428571429,0.06627017842,0.9337298216
609738,LINCOLN PARK HS,ACTIVE,HS,ISP,District,Attendance Area School,2129,653,1476,715,1368,0.3067167684,0.6932832316,0.4773391813,0.5226608187
609739,WASHINGTON HS,ACTIVE,HS,Network 13,District,Attendance Area School,1410,1255,155,787,2042,0.890070922,0.109929078,0.6145935357,0.3854064643
609740,WELLS HS,ACTIVE,HS,ISP,District,Attendance Area School,378,108,270,1416,1524,0.2857142857,0.7142857143,0.07086614173,0.9291338583
609741,HUBBARD HS,ACTIVE,HS,Network 10,District,Attendance Area School,1772,1170,602,1225,2395,0.6602708804,0.3397291196,0.4885177453,0.5114822547
609746,KENWOOD HS,ACTIVE,HS,Network 9,District,Attendance Area School,1784,446,1338,428,874,0.25,0.75,0.5102974828,0.4897025172
609756,CURIE HS,ACTIVE,HS,Network 8,District,Attendance Area School,2951,1286,1665,1488,2774,0.4357844798,0.5642155202,0.4635904831,0.5364095169
609759,CLEMENTE HS,ACTIVE,HS,ISP,District,Attendance Area School,737,378,359,1597,1975,0.512890095,0.487109905,0.1913924051,0.8086075949
609761,CORLISS HS,ACTIVE,HS,Network 13,District,Attendance Area School,371,179,192,1499,1678,0.4824797844,0.5175202156,0.1066746126,0.8933253874
609762,JULIAN HS,ACTIVE,HS,Network 13,District,Attendance Area School,631,102,529,690,792,0.1616481775,0.8383518225,0.1287878788,0.8712121212
609764,JUAREZ HS,ACTIVE,HS,ISP,District,Attendance Area School,1607,716,891,1042,1758,0.4455507156,0.5544492844,0.4072810011,0.5927189989
609768,HOPE HS,ACTIVE,HS,Network 11,District,Attendance Area School,136,54,82,617,671,0.3970588235,0.6029411765,0.08047690015,0.9195230999
609772,ADDAMS,ACTIVE,ES,ISP,District,Attendance Area School,778,704,74,59,763,0.9048843188,0.09511568123,0.9226736566,0.07732634338
609773,AGASSIZ,ACTIVE,ES,ISP,District,Attendance Area School,506,92,414,79,171,0.1818181818,0.8181818182,0.5380116959,0.4619883041
609774,ALCOTT ES,ACTIVE,ES,Network 4,District,Attendance Area School,640,251,389,76,327,0.3921875,0.6078125,0.7675840979,0.2324159021
609777,ARMOUR,ACTIVE,ES,Network 6,District,Attendance Area School,274,215,59,217,432,0.7846715328,0.2153284672,0.4976851852,0.5023148148
609779,ARMSTRONG G,ACTIVE,ES,Network 2,District,Attendance Area School,1433,1193,240,833,2026,0.8325191905,0.1674808095,0.5888450148,0.4111549852
609782,AUDUBON,ACTIVE,ES,Network 4,District,Attendance Area School,560,432,128,116,548,0.7714285714,0.2285714286,0.7883211679,0.2116788321
609786,AVALON PARK,ACTIVE,ES,Network 12,District,Attendance Area School,298,244,54,436,680,0.8187919463,0.1812080537,0.3588235294,0.6411764706
609788,BARNARD,ACTIVE,ES,Network 10,District,Attendance Area School,321,172,149,132,304,0.5358255452,0.4641744548,0.5657894737,0.4342105263
609789,BARRY,ACTIVE,ES,Network 4,District,Attendance Area School,726,582,144,395,977,0.8016528926,0.1983471074,0.5957011259,0.4042988741
609790,BARTON,ACTIVE,ES,Network 11,District,Attendance Area School,434,328,106,374,702,0.7557603687,0.2442396313,0.4672364672,0.5327635328
609791,BASS,ACTIVE,ES,Network 11,District,Attendance Area School,449,282,167,275,557,0.6280623608,0.3719376392,0.5062836625,0.4937163375
609792,BATEMAN,ACTIVE,ES,Network 1,District,Attendance Area School,1061,738,323,436,1174,0.6955702168,0.3044297832,0.6286201022,0.3713798978
609793,NICHOLSON,ACTIVE,ES,Network 11,District,Attendance Area School,519,396,123,554,950,0.7630057803,0.2369942197,0.4168421053,0.5831578947
609795,CLARK ES,ACTIVE,ES,Network 3,District,Attendance Area School,250,212,38,62,274,0.848,0.152,0.7737226277,0.2262773723
609796,BEAUBIEN,ACTIVE,ES,Network 1,District,Attendance Area School,1101,772,329,190,962,0.7011807448,0.2988192552,0.8024948025,0.1975051975
609797,BEIDLER,ACTIVE,ES,Network 5,District,Attendance Area School,482,245,237,365,610,0.5082987552,0.4917012448,0.4016393443,0.5983606557
609798,BELDING,ACTIVE,ES,Network 1,District,Attendance Area School,559,435,124,345,780,0.7781753131,0.2218246869,0.5576923077,0.4423076923
609799,BELL,ACTIVE,ES,Network 4,District,Attendance Area School,961,711,250,87,798,0.7398543184,0.2601456816,0.8909774436,0.1090225564
609800,BENNETT,ACTIVE,ES,Network 13,District,Attendance Area School,329,242,87,279,521,0.73556231,0.26443769,0.4644913628,0.5355086372
609803,BLAINE,ACTIVE,ES,Network 4,District,Attendance Area School,884,688,196,107,795,0.778280543,0.221719457,0.865408805,0.134591195
609804,BOONE,ACTIVE,ES,Network 2,District,Attendance Area School,830,733,97,352,1085,0.8831325301,0.1168674699,0.6755760369,0.3244239631
609805,JOPLIN,ACTIVE,ES,Network 11,District,Attendance Area School,407,298,109,360,658,0.7321867322,0.2678132678,0.452887538,0.547112462
609806,BRADWELL,ACTIVE,ES,AUSL,District,Attendance Area School,624,519,105,570,1089,0.8317307692,0.1682692308,0.476584022,0.523415978
609807,HAMPTON,ACTIVE,ES,Network 10,District,Attendance Area School,563,457,106,160,617,0.811722913,0.188277087,0.7406807131,0.2593192869
609808,HALEY,ACTIVE,ES,Network 13,District,Attendance Area School,577,378,199,450,828,0.6551126516,0.3448873484,0.4565217391,0.5434782609
609809,BRENTANO,ACTIVE,ES,Network 4,District,Attendance Area School,475,254,221,395,649,0.5347368421,0.4652631579,0.3913713405,0.6086286595
609810,BRIDGE,ACTIVE,ES,Network 1,District,Attendance Area School,1105,1021,84,223,1244,0.9239819005,0.07601809955,0.8207395498,0.1792604502
609811,BRIGHT,ACTIVE,ES,Network 13,District,Attendance Area School,295,225,70,115,340,0.7627118644,0.2372881356,0.6617647059,0.3382352941
609812,BROWN W,ACTIVE,ES,Network 6,District,Attendance Area School,286,108,178,211,319,0.3776223776,0.6223776224,0.3385579937,0.6614420063
609813,BROWNELL,ACTIVE,ES,Network 12,District,Attendance Area School,211,121,90,175,296,0.5734597156,0.4265402844,0.4087837838,0.5912162162
609815,BOUCHET,ACTIVE,ES,Network 12,District,Attendance Area School,603,438,165,700,1138,0.7263681592,0.2736318408,0.3848857645,0.6151142355
609817,BUDLONG,ACTIVE,ES,Network 2,District,Attendance Area School,790,482,308,280,762,0.6101265823,0.3898734177,0.6325459318,0.3674540682
609818,BURBANK,ACTIVE,ES,Network 3,District,Attendance Area School,934,821,113,500,1321,0.8790149893,0.1209850107,0.6214988645,0.3785011355
609819,BURKE,ACTIVE,ES,Network 9,District,Attendance Area School,435,264,171,591,855,0.6068965517,0.3931034483,0.3087719298,0.6912280702
609820,BURLEY,ACTIVE,ES,ISP,District,Attendance Area School,532,346,186,88,434,0.6503759398,0.3496240602,0.797235023,0.202764977
609821,BURNHAM,ACTIVE,ES,ISP,District,Attendance Area School,528,439,89,448,887,0.8314393939,0.1685606061,0.4949267193,0.5050732807
609826,CASTELLANOS,ACTIVE,ES,Network 7,District,Attendance Area School,611,582,29,217,799,0.9525368249,0.04746317512,0.7284105131,0.2715894869
609828,BURR,ACTIVE,ES,Network 6,District,Attendance Area School,445,99,346,54,153,0.2224719101,0.7775280899,0.6470588235,0.3529411765
609829,BURROUGHS,ACTIVE,ES,Network 8,District,Attendance Area School,481,340,141,120,460,0.7068607069,0.2931392931,0.7391304348,0.2608695652
609830,BRUNSON,ACTIVE,ES,Network 3,District,Attendance Area School,539,386,153,475,861,0.7161410019,0.2838589981,0.4483159117,0.5516840883
609832,BYRNE,ACTIVE,ES,Network 10,District,Attendance Area School,654,594,60,140,734,0.9082568807,0.09174311927,0.8092643052,0.1907356948
609833,CALDWELL,ACTIVE,ES,Network 12,District,Attendance Area School,274,166,108,388,554,0.6058394161,0.3941605839,0.2996389892,0.7003610108
609834,LITTLE VILLAGE,ACTIVE,ES,Network 7,District,Attendance Area School,834,738,96,117,855,0.8848920863,0.1151079137,0.8631578947,0.1368421053
609835,CAMERON,ACTIVE,ES,Network 5,District,Attendance Area School,783,634,149,830,1464,0.809706258,0.190293742,0.4330601093,0.5669398907
609836,CANTY,ACTIVE,ES,Network 1,District,Attendance Area School,849,811,38,76,887,0.9552414605,0.04475853946,0.9143179256,0.08568207441
609837,CARNEGIE,ACTIVE,ES,ISP,District,Attendance Area School,655,230,425,172,402,0.3511450382,0.6488549618,0.5721393035,0.4278606965
609839,CARROLL,ACTIVE,ES,Network 10,District,Attendance Area School,502,405,97,821,1226,0.8067729084,0.1932270916,0.3303425775,0.6696574225
609842,CARSON,ACTIVE,ES,ISP,District,Attendance Area School,1086,983,103,383,1366,0.9051565378,0.09484346225,0.7196193265,0.2803806735
609844,CARTER,ACTIVE,ES,AUSL,District,Attendance Area School,406,255,151,387,642,0.6280788177,0.3719211823,0.3971962617,0.6028037383
609845,CARVER G,ACTIVE,ES,Network 13,District,Attendance Area School,464,364,100,276,640,0.7844827586,0.2155172414,0.56875,0.43125
609848,ALDRIDGE,ACTIVE,ES,Network 13,District,Attendance Area School,167,122,45,184,306,0.7305389222,0.2694610778,0.3986928105,0.6013071895
609849,CASSELL,ACTIVE,ES,Network 10,District,Attendance Area School,410,376,34,61,437,0.9170731707,0.08292682927,0.8604118993,0.1395881007
609850,GREELEY,ACTIVE,ES,Network 4,District,Attendance Area School,614,85,529,150,235,0.1384364821,0.8615635179,0.3617021277,0.6382978723
609851,CHALMERS,ACTIVE,ES,AUSL,District,Attendance Area School,372,128,244,122,250,0.3440860215,0.6559139785,0.512,0.488
609852,CHAPPELL,ACTIVE,ES,Network 2,District,Attendance Area School,606,278,328,196,474,0.4587458746,0.5412541254,0.5864978903,0.4135021097
609853,CHASE,ACTIVE,ES,Network 4,District,Attendance Area School,458,223,235,158,381,0.4868995633,0.5131004367,0.5853018373,0.4146981627
609854,CHOPIN,ACTIVE,ES,Network 5,District,Attendance Area School,461,268,193,673,941,0.5813449024,0.4186550976,0.2848034006,0.7151965994
609856,CLAY,ACTIVE,ES,Network 13,District,Attendance Area School,615,564,51,81,645,0.9170731707,0.08292682927,0.8744186047,0.1255813953
609857,CLEVELAND,ACTIVE,ES,Network 1,District,Attendance Area School,615,434,181,353,787,0.7056910569,0.2943089431,0.5514612452,0.4485387548
609859,CLINTON,ACTIVE,ES,Network 2,District,Attendance Area School,1173,1129,44,395,1524,0.9624893436,0.03751065644,0.7408136483,0.2591863517
609861,CLISSOLD,ACTIVE,ES,Network 10,District,Attendance Area School,516,443,73,155,598,0.8585271318,0.1414728682,0.7408026756,0.2591973244
609862,COLES,ACTIVE,ES,Network 12,District,Attendance Area School,473,305,168,332,637,0.644820296,0.355179704,0.4788069074,0.5211930926
609863,COLUMBUS,ACTIVE,ES,Network 5,District,Attendance Area School,294,74,220,97,171,0.2517006803,0.7482993197,0.432748538,0.567251462
609864,COOK,ACTIVE,ES,Network 11,District,Attendance Area School,366,258,108,367,625,0.7049180328,0.2950819672,0.4128,0.5872
609865,JORDAN,ACTIVE,ES,Network 2,District,Attendance Area School,508,423,85,314,737,0.8326771654,0.1673228346,0.5739484396,0.4260515604
609866,COONLEY,ACTIVE,ES,Network 2,District,Attendance Area School,948,654,294,134,788,0.6898734177,0.3101265823,0.8299492386,0.1700507614
609867,COOPER,ACTIVE,ES,Network 7,District,Attendance Area School,493,320,173,253,573,0.6490872211,0.3509127789,0.5584642234,0.4415357766
609869,LANGFORD,ACTIVE,ES,Network 11,District,Attendance Area School,316,188,128,252,440,0.5949367089,0.4050632911,0.4272727273,0.5727272727
609870,CORKERY,ACTIVE,ES,Network 7,District,Attendance Area School,544,443,101,326,769,0.8143382353,0.1856617647,0.5760728218,0.4239271782
609872,PEREZ,ACTIVE,ES,Network 7,District,Attendance Area School,311,201,110,78,279,0.6463022508,0.3536977492,0.7204301075,0.2795698925
609873,CROWN,ACTIVE,ES,Network 5,District,Attendance Area School,305,186,119,232,418,0.6098360656,0.3901639344,0.4449760766,0.5550239234
609874,DIRKSEN,ACTIVE,ES,Network 1,District,Attendance Area School,884,855,29,115,970,0.9671945701,0.03280542986,0.881443299,0.118556701
609875,DARWIN,ACTIVE,ES,Network 4,District,Attendance Area School,523,251,272,319,570,0.4799235182,0.5200764818,0.4403508772,0.5596491228
609876,DAVIS N,ACTIVE,ES,Network 8,District,Attendance Area School,776,645,131,653,1298,0.831185567,0.168814433,0.4969183359,0.5030816641
609879,DAWES,ACTIVE,ES,Network 10,District,Attendance Area School,1045,970,75,317,1287,0.9282296651,0.07177033493,0.7536907537,0.2463092463
609883,DENEEN,ACTIVE,ES,AUSL,District,Attendance Area School,562,253,309,294,547,0.4501779359,0.5498220641,0.4625228519,0.5374771481
609884,DEVER,ACTIVE,ES,Network 1,District,Attendance Area School,788,768,20,111,879,0.9746192893,0.02538071066,0.8737201365,0.1262798635
609885,DEWEY,ACTIVE,ES,AUSL,District,Attendance Area School,419,152,267,109,261,0.3627684964,0.6372315036,0.5823754789,0.4176245211
609887,DIXON,ACTIVE,ES,Network 12,District,Attendance Area School,584,265,319,226,491,0.4537671233,0.5462328767,0.5397148676,0.4602851324
609891,DOOLITTLE,ACTIVE,ES,Network 9,District,Attendance Area School,287,217,70,407,624,0.756097561,0.243902439,0.3477564103,0.6522435897
609893,DORE,ACTIVE,ES,Network 10,District,Attendance Area School,737,680,57,72,752,0.9226594301,0.07734056988,0.9042553191,0.09574468085
609894,DRAKE,ACTIVE,ES,Network 9,District,Attendance Area School,418,255,163,278,533,0.6100478469,0.3899521531,0.478424015,0.521575985
609897,EARLE,ACTIVE,ES,Network 11,District,Attendance Area School,454,218,236,192,410,0.4801762115,0.5198237885,0.5317073171,0.4682926829
609898,EBERHART,ACTIVE,ES,Network 10,District,Attendance Area School,1423,1394,29,408,1802,0.97962052,0.02037947997,0.7735849057,0.2264150943
609899,EBINGER,ACTIVE,ES,ISP,District,Attendance Area School,800,708,92,150,858,0.885,0.115,0.8251748252,0.1748251748
609900,CURTIS,ACTIVE,ES,AUSL,District,Attendance Area School,578,435,143,532,967,0.7525951557,0.2474048443,0.4498448811,0.5501551189
609901,EDGEBROOK,ACTIVE,ES,ISP,District,Attendance Area School,515,457,58,47,504,0.8873786408,0.1126213592,0.9067460317,0.09325396825
609902,METCALFE,ACTIVE,ES,Network 13,District,Attendance Area School,417,340,77,293,633,0.8153477218,0.1846522782,0.5371248025,0.4628751975
609903,EDWARDS,ACTIVE,ES,ISP,District,Attendance Area School,1545,1347,198,698,2045,0.8718446602,0.1281553398,0.6586797066,0.3413202934
609904,ELLINGTON,ACTIVE,ES,Network 3,District,Attendance Area School,638,481,157,802,1283,0.7539184953,0.2460815047,0.3749025721,0.6250974279
609908,ESMOND,ACTIVE,ES,Network 10,District,Attendance Area School,321,242,79,201,443,0.753894081,0.246105919,0.546275395,0.453724605
609909,EVERETT,ACTIVE,ES,Network 8,District,Attendance Area School,200,156,44,207,363,0.78,0.22,0.4297520661,0.5702479339
609910,FALCONER,ACTIVE,ES,Network 3,District,Attendance Area School,1207,1071,136,514,1585,0.8873239437,0.1126760563,0.6757097792,0.3242902208
609912,FARNSWORTH,ACTIVE,ES,Network 1,District,Attendance Area School,638,467,171,163,630,0.7319749216,0.2680250784,0.7412698413,0.2587301587
609917,FERNWOOD,ACTIVE,ES,Network 13,District,Attendance Area School,304,198,106,140,338,0.6513157895,0.3486842105,0.5857988166,0.4142011834
609918,FIELD,ACTIVE,ES,Network 2,District,Attendance Area School,199,176,23,251,427,0.8844221106,0.1155778894,0.4121779859,0.5878220141
609919,FISKE,ACTIVE,ES,Network 9,District,Attendance Area School,464,329,135,477,806,0.7090517241,0.2909482759,0.4081885856,0.5918114144
609920,KANOON,ACTIVE,ES,Network 7,District,Attendance Area School,660,623,37,217,840,0.9439393939,0.05606060606,0.7416666667,0.2583333333
609921,TELPOCHCALLI,ACTIVE,ES,Network 7,District,Attendance Area School,288,45,243,95,140,0.15625,0.84375,0.3214285714,0.6785714286
609924,FORT DEARBORN,ACTIVE,ES,Network 11,District,Attendance Area School,404,258,146,372,630,0.6386138614,0.3613861386,0.4095238095,0.5904761905
609927,FOSTER PARK,ACTIVE,ES,Network 11,District,Attendance Area School,378,174,204,265,439,0.4603174603,0.5396825397,0.3963553531,0.6036446469
609928,FULLER,ACTIVE,ES,AUSL,District,Attendance Area School,366,185,181,597,782,0.5054644809,0.4945355191,0.23657289,0.76342711
609929,FULTON,ACTIVE,ES,Network 11,District,Attendance Area School,378,339,39,647,986,0.8968253968,0.1031746032,0.3438133874,0.6561866126
609930,FUNSTON,ACTIVE,ES,Network 4,District,Attendance Area School,449,274,175,293,567,0.6102449889,0.3897550111,0.4832451499,0.5167548501
609933,GALE,ACTIVE,ES,Network 2,District,Attendance Area School,363,315,48,461,776,0.867768595,0.132231405,0.4059278351,0.5940721649
609935,GALLISTEL,ACTIVE,ES,Network 13,District,Attendance Area School,884,789,95,119,908,0.8925339367,0.1074660633,0.8689427313,0.1310572687
609937,GARVY,ACTIVE,ES,Network 1,District,Attendance Area School,790,775,15,191,966,0.9810126582,0.01898734177,0.8022774327,0.1977225673
609938,GARY,ACTIVE,ES,Network 7,District,Attendance Area School,1118,1006,112,273,1279,0.8998211091,0.1001788909,0.7865519937,0.2134480063
609939,GILLESPIE,ACTIVE,ES,Network 12,District,Attendance Area School,554,412,142,667,1079,0.7436823105,0.2563176895,0.3818350324,0.6181649676
609941,RANDOLPH,ACTIVE,ES,Network 11,District,Attendance Area School,505,436,69,380,816,0.8633663366,0.1366336634,0.5343137255,0.4656862745
609942,GOETHE,ACTIVE,ES,Network 4,District,Attendance Area School,790,310,480,129,439,0.3924050633,0.6075949367,0.7061503417,0.2938496583
609943,OWENS,ACTIVE,ES,Network 13,District,Attendance Area School,435,327,108,317,644,0.7517241379,0.2482758621,0.5077639752,0.4922360248
609944,GRISSOM,ACTIVE,ES,ISP,District,Attendance Area School,368,323,45,34,357,0.8777173913,0.1222826087,0.9047619048,0.09523809524
609945,GOUDY,ACTIVE,ES,Network 2,District,Attendance Area School,727,449,278,234,683,0.6176066025,0.3823933975,0.6573938507,0.3426061493
609947,GRAHAM ES,ACTIVE,ES,Network 6,District,Attendance Area School,449,215,234,182,397,0.4788418708,0.5211581292,0.5415617128,0.4584382872
609949,GRAY,ACTIVE,ES,Network 1,District,Attendance Area School,1228,1149,79,621,1770,0.9356677524,0.06433224756,0.6491525424,0.3508474576
609950,ORTIZ DE DOMINGUEZ,ACTIVE,ES,Network 7,District,Attendance Area School,596,565,31,200,765,0.9479865772,0.05201342282,0.7385620915,0.2614379085
609952,GREENE,ACTIVE,ES,Network 8,District,Attendance Area School,554,468,86,321,789,0.844765343,0.155234657,0.5931558935,0.4068441065
609954,GREGORY,ACTIVE,ES,Network 5,District,Attendance Area School,356,286,70,544,830,0.8033707865,0.1966292135,0.3445783133,0.6554216867
609955,GRESHAM,ACTIVE,ES,AUSL,District,Attendance Area School,339,222,117,280,502,0.6548672566,0.3451327434,0.4422310757,0.5577689243
609956,GRIMES,ACTIVE,ES,Network 10,District,Attendance Area School,467,405,62,63,468,0.8672376874,0.1327623126,0.8653846154,0.1346153846
609959,HAINES,ACTIVE,ES,Network 6,District,Attendance Area School,671,489,182,68,557,0.7287630402,0.2712369598,0.8779174147,0.1220825853
609960,HALE,ACTIVE,ES,Network 10,District,Attendance Area School,974,898,76,139,1037,0.9219712526,0.07802874743,0.8659594986,0.1340405014
609961,NINOS HEROES,ACTIVE,ES,Network 12,District,Attendance Area School,373,253,120,163,416,0.6782841823,0.3217158177,0.6081730769,0.3918269231
609963,HAMILTON,ACTIVE,ES,ISP,District,Attendance Area School,477,176,301,104,280,0.3689727463,0.6310272537,0.6285714286,0.3714285714
609964,HAMLINE,ACTIVE,ES,Network 8,District,Attendance Area School,610,542,68,400,942,0.8885245902,0.1114754098,0.5753715499,0.4246284501
609966,HAMMOND,ACTIVE,ES,Network 7,District,Attendance Area School,458,325,133,331,656,0.7096069869,0.2903930131,0.4954268293,0.5045731707
609967,FINKL,ACTIVE,ES,Network 7,District,Attendance Area School,428,267,161,502,769,0.6238317757,0.3761682243,0.3472041612,0.6527958388
609968,MCAULIFFE,ACTIVE,ES,Network 4,District,Attendance Area School,764,597,167,359,956,0.7814136126,0.2185863874,0.6244769874,0.3755230126
609969,HARTE,ACTIVE,ES,Network 9,District,Attendance Area School,330,128,202,133,261,0.3878787879,0.6121212121,0.4904214559,0.5095785441
609971,HARVARD,ACTIVE,ES,AUSL,District,Attendance Area School,427,309,118,475,784,0.7236533958,0.2763466042,0.3941326531,0.6058673469
609972,HAUGAN,ACTIVE,ES,Network 1,District,Attendance Area School,957,914,43,700,1614,0.9550679206,0.04493207941,0.5662949195,0.4337050805
609973,ZAPATA,ACTIVE,ES,ISP,District,Attendance Area School,835,794,41,106,900,0.9508982036,0.04910179641,0.8822222222,0.1177777778
609975,HAY,ACTIVE,ES,Network 3,District,Attendance Area School,425,242,183,318,560,0.5694117647,0.4305882353,0.4321428571,0.5678571429
609976,HAYT,ACTIVE,ES,Network 2,District,Attendance Area School,1049,883,166,526,1409,0.8417540515,0.1582459485,0.6266855926,0.3733144074
609978,SMITH,ACTIVE,ES,Network 13,District,Attendance Area School,374,252,122,248,500,0.6737967914,0.3262032086,0.504,0.496
609979,HEALY,ACTIVE,ES,Network 6,District,Attendance Area School,1472,1411,61,296,1707,0.9585597826,0.04144021739,0.8265963679,0.1734036321
609981,HEARST,ACTIVE,ES,Network 10,District,Attendance Area School,359,278,81,400,678,0.7743732591,0.2256267409,0.4100294985,0.5899705015
609983,HEDGES,ACTIVE,ES,Network 8,District,Attendance Area School,692,461,231,262,723,0.6661849711,0.3338150289,0.6376210235,0.3623789765
609985,HEFFERAN,ACTIVE,ES,Network 5,District,Attendance Area School,368,284,84,470,754,0.7717391304,0.2282608696,0.3766578249,0.6233421751
609986,HENDERSON,ACTIVE,ES,Network 11,District,Attendance Area School,263,203,60,334,537,0.7718631179,0.2281368821,0.3780260708,0.6219739292
609987,HENDRICKS,ACTIVE,ES,Network 9,District,Attendance Area School,225,118,107,299,417,0.5244444444,0.4755555556,0.2829736211,0.7170263789
609988,HENRY,ACTIVE,ES,Network 1,District,Attendance Area School,548,431,117,485,916,0.7864963504,0.2135036496,0.4705240175,0.5294759825
609990,SOUTH LOOP,ACTIVE,ES,ISP,District,Attendance Area School,779,612,167,235,847,0.7856225931,0.2143774069,0.7225501771,0.2774498229
609991,HERZL,ACTIVE,ES,AUSL,District,Attendance Area School,657,307,350,421,728,0.4672754947,0.5327245053,0.4217032967,0.5782967033
609993,LARA,ACTIVE,ES,Network 8,District,Attendance Area School,474,397,77,198,595,0.8375527426,0.1624472574,0.6672268908,0.3327731092
609994,HIBBARD,ACTIVE,ES,Network 1,District,Attendance Area School,1048,893,155,325,1218,0.8520992366,0.1479007634,0.7331691297,0.2668308703
609995,HITCH,ACTIVE,ES,Network 1,District,Attendance Area School,593,560,33,171,731,0.9443507589,0.05564924115,0.7660738714,0.2339261286
609996,HOLDEN,ACTIVE,ES,Network 6,District,Attendance Area School,498,430,68,278,708,0.8634538153,0.1365461847,0.6073446328,0.3926553672
609997,HOLMES,ACTIVE,ES,Network 11,District,Attendance Area School,212,139,73,203,342,0.6556603774,0.3443396226,0.4064327485,0.5935672515
610000,HOWE,ACTIVE,ES,AUSL,District,Attendance Area School,498,334,164,375,709,0.6706827309,0.3293172691,0.4710860367,0.5289139633
610002,HOYNE,ACTIVE,ES,Network 12,District,Attendance Area School,250,95,155,109,204,0.38,0.62,0.4656862745,0.5343137255
610003,CUFFE,ACTIVE,ES,Network 11,District,Attendance Area School,358,221,137,243,464,0.6173184358,0.3826815642,0.4762931034,0.5237068966
610004,CULLEN,ACTIVE,ES,Network 13,District,Attendance Area School,172,134,38,264,398,0.7790697674,0.2209302326,0.3366834171,0.6633165829
610005,HUGHES C,ACTIVE,ES,Network 5,District,Attendance Area School,275,164,111,323,487,0.5963636364,0.4036363636,0.3367556468,0.6632443532
610006,HURLEY,ACTIVE,ES,Network 10,District,Attendance Area School,866,820,46,117,937,0.9468822171,0.05311778291,0.8751334045,0.1248665955
610010,JAHN,ACTIVE,ES,Network 4,District,Attendance Area School,344,141,203,229,370,0.4098837209,0.5901162791,0.3810810811,0.6189189189
610011,JAMIESON,ACTIVE,ES,Network 2,District,Attendance Area School,875,792,83,484,1276,0.9051428571,0.09485714286,0.6206896552,0.3793103448
610012,JENNER,ACTIVE,ES,Network 6,District,Attendance Area School,238,96,142,168,264,0.4033613445,0.5966386555,0.3636363636,0.6363636364
610013,PILSEN,ACTIVE,ES,Network 7,District,Attendance Area School,360,174,186,146,320,0.4833333333,0.5166666667,0.54375,0.45625
610015,JUNGMAN,ACTIVE,ES,Network 7,District,Attendance Area School,291,164,127,198,362,0.5635738832,0.4364261168,0.453038674,0.546961326
610016,KELLOGG,ACTIVE,ES,Network 10,District,Attendance Area School,250,163,87,99,262,0.652,0.348,0.6221374046,0.3778625954
610021,CASALS,ACTIVE,ES,AUSL,District,Attendance Area School,456,249,207,352,601,0.5460526316,0.4539473684,0.4143094842,0.5856905158
610022,KILMER,ACTIVE,ES,Network 2,District,Attendance Area School,793,610,183,543,1153,0.7692307692,0.2307692308,0.5290546401,0.4709453599
610024,CARDENAS,ACTIVE,ES,Network 7,District,Attendance Area School,614,563,51,189,752,0.9169381107,0.08306188925,0.7486702128,0.2513297872
610026,KINZIE,ACTIVE,ES,ISP,District,Attendance Area School,682,570,112,84,654,0.8357771261,0.1642228739,0.871559633,0.128440367
610027,KIPLING,ACTIVE,ES,Network 11,District,Attendance Area School,310,177,133,152,329,0.5709677419,0.4290322581,0.537993921,0.462006079
610029,LOZANO,ACTIVE,ES,Network 6,District,Attendance Area School,232,89,143,132,221,0.3836206897,0.6163793103,0.4027149321,0.5972850679
610030,KOZMINSKI,ACTIVE,ES,Network 9,District,Attendance Area School,285,78,207,180,258,0.2736842105,0.7263157895,0.3023255814,0.6976744186
610032,GREEN,ACTIVE,ES,Network 11,District,Attendance Area School,379,177,202,180,357,0.4670184697,0.5329815303,0.4957983193,0.5042016807
610034,LAWNDALE,ACTIVE,ES,Network 5,District,Attendance Area School,301,106,195,360,466,0.3521594684,0.6478405316,0.2274678112,0.7725321888
610036,LEWIS,ACTIVE,ES,AUSL,District,Attendance Area School,473,373,100,620,993,0.7885835095,0.2114164905,0.3756294058,0.6243705942
610037,LIBBY,ACTIVE,ES,Network 11,District,Attendance Area School,375,277,98,253,530,0.7386666667,0.2613333333,0.5226415094,0.4773584906
610038,LINCOLN,ACTIVE,ES,Network 4,District,Attendance Area School,853,776,77,215,991,0.9097303634,0.09026963658,0.7830474268,0.2169525732
610039,VON LINNE,ACTIVE,ES,Network 4,District,Attendance Area School,648,409,239,318,727,0.6311728395,0.3688271605,0.5625859697,0.4374140303
610040,LLOYD,ACTIVE,ES,ISP,District,Attendance Area School,1155,1011,144,509,1520,0.8753246753,0.1246753247,0.6651315789,0.3348684211
610041,LOCKE J,ACTIVE,ES,Network 3,District,Attendance Area School,1359,1274,85,621,1895,0.9374540103,0.0625459897,0.6722955145,0.3277044855
610043,LOVETT,ACTIVE,ES,Network 3,District,Attendance Area School,404,343,61,315,658,0.849009901,0.150990099,0.5212765957,0.4787234043
610044,LOWELL,ACTIVE,ES,Network 5,District,Attendance Area School,509,310,199,506,816,0.6090373281,0.3909626719,0.3799019608,0.6200980392
610046,LYON,ACTIVE,ES,Network 3,District,Attendance Area School,1504,1420,84,750,2170,0.9441489362,0.05585106383,0.6543778802,0.3456221198
610047,MADISON,ACTIVE,ES,Network 12,District,Attendance Area School,230,142,88,262,404,0.6173913043,0.3826086957,0.3514851485,0.6485148515
610048,MANIERRE,ACTIVE,ES,Network 4,District,Attendance Area School,356,277,79,428,705,0.7780898876,0.2219101124,0.3929078014,0.6070921986
610051,NORTHWEST,ACTIVE,ES,Network 3,District,Attendance Area School,492,418,74,695,1113,0.8495934959,0.1504065041,0.3755615454,0.6244384546
610052,MANN,ACTIVE,ES,Network 12,District,Attendance Area School,390,304,86,443,747,0.7794871795,0.2205128205,0.406961178,0.593038822
610053,MARQUETTE,ACTIVE,ES,AUSL,District,Attendance Area School,1160,980,180,541,1521,0.8448275862,0.1551724138,0.644312952,0.355687048
610054,MARSH,ACTIVE,ES,Network 13,District,Attendance Area School,799,726,73,44,770,0.9086357947,0.09136420526,0.9428571429,0.05714285714
610055,FARADAY,ACTIVE,ES,Network 5,District,Attendance Area School,306,134,172,376,510,0.4379084967,0.5620915033,0.262745098,0.737254902
610056,MASON,ACTIVE,ES,Network 5,District,Attendance Area School,370,205,165,439,644,0.5540540541,0.4459459459,0.3183229814,0.6816770186
610057,FAIRFIELD,ACTIVE,ES,Network 10,District,Attendance Area School,592,420,172,358,778,0.7094594595,0.2905405405,0.5398457584,0.4601542416
610059,MAYER,ACTIVE,ES,Network 4,District,Attendance Area School,730,458,272,100,558,0.6273972603,0.3726027397,0.8207885305,0.1792114695
610062,MCCLELLAN,ACTIVE,ES,Network 6,District,Attendance Area School,366,135,231,216,351,0.368852459,0.631147541,0.3846153846,0.6153846154
610063,MCCORMICK,ACTIVE,ES,Network 7,District,Attendance Area School,794,724,70,85,809,0.9118387909,0.08816120907,0.8949320148,0.1050679852
610065,TILL,ACTIVE,ES,Network 9,District,Attendance Area School,360,247,113,350,597,0.6861111111,0.3138888889,0.4137353434,0.5862646566
610067,MCKAY,ACTIVE,ES,Network 10,District,Attendance Area School,813,623,190,667,1290,0.766297663,0.233702337,0.4829457364,0.5170542636
610068,HANSON PARK,ACTIVE,ES,Network 3,District,Attendance Area School,1541,1285,256,449,1734,0.8338741077,0.1661258923,0.7410611303,0.2589388697
610070,MCPHERSON,ACTIVE,ES,Network 2,District,Attendance Area School,737,250,487,344,594,0.3392130258,0.6607869742,0.4208754209,0.5791245791
610073,MITCHELL,ACTIVE,ES,ISP,District,Attendance Area School,398,120,278,76,196,0.3015075377,0.6984924623,0.612244898,0.387755102
610074,MONROE,ACTIVE,ES,Network 4,District,Attendance Area School,899,741,158,439,1180,0.8242491657,0.1757508343,0.6279661017,0.3720338983
610076,MOOS,ACTIVE,ES,ISP,District,Attendance Area School,520,263,257,368,631,0.5057692308,0.4942307692,0.4167987322,0.5832012678
610077,MORRILL,ACTIVE,ES,Network 10,District,Attendance Area School,753,615,138,494,1109,0.8167330677,0.1832669323,0.5545536519,0.4454463481
610082,MOUNT GREENWOOD,ACTIVE,ES,ISP,District,Attendance Area School,1107,1082,25,101,1183,0.9774164408,0.02258355917,0.9146238377,0.0853761623
610086,MOUNT VERNON,ACTIVE,ES,Network 13,District,Attendance Area School,260,161,99,184,345,0.6192307692,0.3807692308,0.4666666667,0.5333333333
610088,MOZART,ACTIVE,ES,Network 4,District,Attendance Area School,710,648,62,424,1072,0.9126760563,0.08732394366,0.6044776119,0.3955223881
610089,MURPHY,ACTIVE,ES,Network 1,District,Attendance Area School,561,451,110,219,670,0.8039215686,0.1960784314,0.6731343284,0.3268656716
610091,BROWN R,ACTIVE,ES,Network 13,District,Attendance Area School,353,233,120,118,351,0.6600566572,0.3399433428,0.6638176638,0.3361823362
610092,NASH,ACTIVE,ES,Network 3,District,Attendance Area School,336,267,69,309,576,0.7946428571,0.2053571429,0.4635416667,0.5364583333
610093,NEIL,ACTIVE,ES,Network 12,District,Attendance Area School,285,85,200,93,178,0.298245614,0.701754386,0.4775280899,0.5224719101
610094,NETTELHORST,ACTIVE,ES,Network 4,District,Attendance Area School,822,686,136,151,837,0.8345498783,0.1654501217,0.8195937873,0.1804062127
610096,NIGHTINGALE,ACTIVE,ES,ISP,District,Attendance Area School,1280,1159,121,642,1801,0.90546875,0.09453125,0.6435313715,0.3564686285
610097,NIXON,ACTIVE,ES,Network 4,District,Attendance Area School,883,843,40,542,1385,0.9546998867,0.04530011325,0.6086642599,0.3913357401
610098,NOBEL,ACTIVE,ES,ISP,District,Attendance Area School,882,649,233,444,1093,0.7358276644,0.2641723356,0.593778591,0.406221409
610099,NORWOOD PARK,ACTIVE,ES,Network 1,District,Attendance Area School,411,193,218,18,211,0.4695863747,0.5304136253,0.9146919431,0.08530805687
610100,WEST PARK,ACTIVE,ES,Network 5,District,Attendance Area School,648,465,183,343,808,0.7175925926,0.2824074074,0.5754950495,0.4245049505
610101,OGDEN ES,ACTIVE,ES,Network 6,District,Attendance Area School,836,796,40,495,1291,0.95215311,0.04784688995,0.6165762974,0.3834237026
610102,OGLESBY,ACTIVE,ES,Network 11,District,Attendance Area School,466,357,109,335,692,0.7660944206,0.2339055794,0.5158959538,0.4841040462
610103,OKEEFFE,ACTIVE,ES,AUSL,District,Attendance Area School,647,448,199,499,947,0.6924265842,0.3075734158,0.4730728617,0.5269271383
610104,ONAHAN,ACTIVE,ES,Network 1,District,Attendance Area School,639,610,29,111,721,0.9546165884,0.04538341158,0.8460471567,0.1539528433
610105,ORIOLE PARK,ACTIVE,ES,Network 1,District,Attendance Area School,733,672,61,66,738,0.9167803547,0.08321964529,0.9105691057,0.08943089431
610106,PICCOLO,ACTIVE,ES,AUSL,District,Attendance Area School,603,492,111,513,1005,0.815920398,0.184079602,0.4895522388,0.5104477612
610107,OTIS,ACTIVE,ES,Network 6,District,Attendance Area School,497,249,248,393,642,0.5010060362,0.4989939638,0.3878504673,0.6121495327
610108,OTOOLE,ACTIVE,ES,Network 11,District,Attendance Area School,401,300,101,677,977,0.7481296758,0.2518703242,0.307062436,0.692937564
610110,WELLS ES,ACTIVE,ES,Network 9,District,Attendance Area School,392,161,231,207,368,0.4107142857,0.5892857143,0.4375,0.5625
610111,PALMER,ACTIVE,ES,Network 1,District,Attendance Area School,833,748,85,287,1035,0.8979591837,0.1020408163,0.722705314,0.277294686
610112,PARKER,ACTIVE,ES,Network 11,District,Attendance Area School,563,148,415,130,278,0.2628774423,0.7371225577,0.5323741007,0.4676258993
610115,PARK MANOR,ACTIVE,ES,Network 12,District,Attendance Area School,330,209,121,309,518,0.6333333333,0.3666666667,0.4034749035,0.5965250965
610116,PARKSIDE,ACTIVE,ES,Network 12,District,Attendance Area School,251,170,81,246,416,0.6772908367,0.3227091633,0.4086538462,0.5913461538
610117,PASTEUR,ACTIVE,ES,Network 8,District,Attendance Area School,1266,1202,64,356,1558,0.9494470774,0.05055292259,0.7715019255,0.2284980745
610120,PECK,ACTIVE,ES,ISP,District,Attendance Area School,1656,1474,182,390,1864,0.8900966184,0.1099033816,0.7907725322,0.2092274678
610121,IRVING,ACTIVE,ES,Network 6,District,Attendance Area School,478,69,409,117,186,0.1443514644,0.8556485356,0.3709677419,0.6290322581
610122,PEIRCE,ACTIVE,ES,Network 2,District,Attendance Area School,1028,555,473,287,842,0.5398832685,0.4601167315,0.6591448931,0.3408551069
610123,PENN,ACTIVE,ES,Network 5,District,Attendance Area School,362,210,152,386,596,0.5801104972,0.4198895028,0.3523489933,0.6476510067
610124,WASHINGTON H ES,ACTIVE,ES,Network 12,District,Attendance Area School,371,250,121,300,550,0.6738544474,0.3261455526,0.4545454545,0.5454545455
610125,RUIZ,ACTIVE,ES,Network 7,District,Attendance Area School,773,621,152,298,919,0.8033635188,0.1966364812,0.675734494,0.324265506
610126,PERSHING,ACTIVE,ES,Network 9,District,Attendance Area School,628,163,465,137,300,0.2595541401,0.7404458599,0.5433333333,0.4566666667
610127,PETERSON,ACTIVE,ES,Network 1,District,Attendance Area School,879,804,75,193,997,0.9146757679,0.08532423208,0.8064192578,0.1935807422
610128,GARVEY,ACTIVE,ES,Network 13,District,Attendance Area School,241,200,41,198,398,0.8298755187,0.1701244813,0.5025125628,0.4974874372
610129,PICKARD,ACTIVE,ES,Network 7,District,Attendance Area School,475,332,143,228,560,0.6989473684,0.3010526316,0.5928571429,0.4071428571
610130,PIRIE,ACTIVE,ES,Network 12,District,Attendance Area School,287,211,76,299,510,0.7351916376,0.2648083624,0.4137254902,0.5862745098
610131,PLAMONDON,ACTIVE,ES,Network 5,District,Attendance Area School,144,86,58,94,180,0.5972222222,0.4027777778,0.4777777778,0.5222222222
610133,WARD L,ACTIVE,ES,Network 5,District,Attendance Area School,513,330,183,604,934,0.6432748538,0.3567251462,0.3533190578,0.6466809422
610135,PORTAGE PARK,ACTIVE,ES,Network 1,District,Attendance Area School,933,841,92,448,1289,0.9013933548,0.09860664523,0.6524437548,0.3475562452
610136,PRESCOTT,ACTIVE,ES,Network 4,District,Attendance Area School,375,121,254,131,252,0.3226666667,0.6773333333,0.4801587302,0.5198412698
610137,PRUSSING,ACTIVE,ES,Network 1,District,Attendance Area School,705,631,74,241,872,0.895035461,0.104964539,0.7236238532,0.2763761468
610138,PULASKI,ACTIVE,ES,Network 6,District,Attendance Area School,911,345,566,231,576,0.3787047201,0.6212952799,0.5989583333,0.4010416667
610139,PULLMAN,ACTIVE,ES,Network 13,District,Attendance Area School,351,205,146,296,501,0.584045584,0.415954416,0.4091816367,0.5908183633
610141,RAVENSWOOD,ACTIVE,ES,Network 2,District,Attendance Area School,549,252,297,154,406,0.4590163934,0.5409836066,0.6206896552,0.3793103448
610142,RAY,ACTIVE,ES,Network 9,District,Attendance Area School,718,333,385,184,517,0.4637883008,0.5362116992,0.6441005803,0.3558994197
610143,REAVIS,ACTIVE,ES,Network 9,District,Attendance Area School,239,158,81,414,572,0.6610878661,0.3389121339,0.2762237762,0.7237762238
610144,REILLY,ACTIVE,ES,Network 4,District,Attendance Area School,998,849,149,568,1417,0.8507014028,0.1492985972,0.5991531404,0.4008468596
610145,REINBERG,ACTIVE,ES,Network 1,District,Attendance Area School,852,623,229,447,1070,0.7312206573,0.2687793427,0.5822429907,0.4177570093
610146,REVERE,ACTIVE,ES,Network 12,District,Attendance Area School,225,144,81,195,339,0.64,0.36,0.4247787611,0.5752212389
610147,ROGERS,ACTIVE,ES,Network 2,District,Attendance Area School,783,668,115,155,823,0.8531289911,0.1468710089,0.8116646416,0.1883353584
610148,CHAVEZ,ACTIVE,ES,ISP,District,Attendance Area School,997,556,441,157,713,0.5576730191,0.4423269809,0.7798036466,0.2201963534
610152,RUGGLES,ACTIVE,ES,Network 12,District,Attendance Area School,405,231,174,338,569,0.5703703704,0.4296296296,0.4059753954,0.5940246046
610153,RYDER,ACTIVE,ES,Network 11,District,Attendance Area School,395,230,165,312,542,0.582278481,0.417721519,0.4243542435,0.5756457565
610155,SAUGANASH,ACTIVE,ES,Network 1,District,Attendance Area School,583,569,14,125,694,0.9759862779,0.02401372213,0.8198847262,0.1801152738
610157,SAWYER,ACTIVE,ES,Network 8,District,Attendance Area School,1660,1589,71,492,2081,0.9572289157,0.04277108434,0.7635752042,0.2364247958
610158,SAYRE,ACTIVE,ES,Network 3,District,Attendance Area School,459,405,54,189,594,0.8823529412,0.1176470588,0.6818181818,0.3181818182
610159,SCAMMON,ACTIVE,ES,Network 1,District,Attendance Area School,800,681,119,549,1230,0.85125,0.14875,0.5536585366,0.4463414634
610165,SCHUBERT,ACTIVE,ES,Network 3,District,Attendance Area School,855,741,114,573,1314,0.8666666667,0.1333333333,0.5639269406,0.4360730594
610167,SEWARD,ACTIVE,ES,Network 8,District,Attendance Area School,738,548,190,166,714,0.7425474255,0.2574525745,0.7675070028,0.2324929972
610170,COLUMBIA EXPLORERS,ACTIVE,ES,Network 8,District,Attendance Area School,1165,1008,157,602,1610,0.8652360515,0.1347639485,0.6260869565,0.3739130435
610171,MIRELES,ACTIVE,ES,Network 12,District,Attendance Area School,572,505,67,394,899,0.8828671329,0.1171328671,0.5617352614,0.4382647386
610172,SHERMAN,ACTIVE,ES,AUSL,District,Attendance Area School,290,217,73,253,470,0.7482758621,0.2517241379,0.4617021277,0.5382978723
610173,SHERWOOD,ACTIVE,ES,Network 11,District,Attendance Area School,334,160,174,129,289,0.4790419162,0.5209580838,0.553633218,0.446366782
610174,SHIELDS,ACTIVE,ES,Network 8,District,Attendance Area School,957,886,71,620,1506,0.9258098224,0.07419017764,0.588313413,0.411686587
610175,SHOESMITH,ACTIVE,ES,Network 9,District,Attendance Area School,355,173,182,215,388,0.4873239437,0.5126760563,0.4458762887,0.5541237113
610176,SHOOP,ACTIVE,ES,Network 13,District,Attendance Area School,475,409,66,335,744,0.8610526316,0.1389473684,0.5497311828,0.4502688172
610177,SKINNER,ACTIVE,ES,ISP,District,Attendance Area School,1062,520,542,127,647,0.4896421846,0.5103578154,0.8037094281,0.1962905719
610178,SCHMID,ACTIVE,ES,Network 12,District,Attendance Area School,215,143,72,116,259,0.6651162791,0.3348837209,0.5521235521,0.4478764479
610179,SMYSER,ACTIVE,ES,ISP,District,Attendance Area School,991,918,73,402,1320,0.9263370333,0.0736629667,0.6954545455,0.3045454545
610180,SMYTH,ACTIVE,ES,Network 6,District,Attendance Area School,436,351,85,697,1048,0.8050458716,0.1949541284,0.3349236641,0.6650763359
610182,SOLOMON,ACTIVE,ES,Network 1,District,Attendance Area School,360,216,144,36,252,0.6,0.4,0.8571428571,0.1428571429
610183,SPENCER,ACTIVE,ES,Network 3,District,Attendance Area School,696,486,210,718,1204,0.6982758621,0.3017241379,0.403654485,0.596345515
610184,SPRY ES,ACTIVE,ES,Network 7,District,Attendance Area School,596,544,52,307,851,0.9127516779,0.08724832215,0.6392479436,0.3607520564
610185,STEVENSON,ACTIVE,ES,Network 10,District,Attendance Area School,1273,1202,71,181,1383,0.9442262372,0.05577376277,0.8691250904,0.1308749096
610188,DUNNE,ACTIVE,ES,Network 13,District,Attendance Area School,255,167,88,150,317,0.6549019608,0.3450980392,0.5268138801,0.4731861199
610192,STOWE,ACTIVE,ES,Network 5,District,Attendance Area School,692,469,223,498,967,0.6777456647,0.3222543353,0.4850051706,0.5149948294
610193,NEW SULLIVAN,ACTIVE,ES,Network 12,District,Attendance Area School,458,320,138,204,524,0.6986899563,0.3013100437,0.6106870229,0.3893129771
610194,SUMNER,ACTIVE,ES,Network 5,District,Attendance Area School,267,95,172,137,232,0.3558052434,0.6441947566,0.4094827586,0.5905172414
610195,SUTHERLAND,ACTIVE,ES,Network 10,District,Attendance Area School,616,526,90,184,710,0.8538961039,0.1461038961,0.7408450704,0.2591549296
610196,SWIFT,ACTIVE,ES,Network 2,District,Attendance Area School,686,566,120,337,903,0.8250728863,0.1749271137,0.626799557,0.373200443
610197,TALCOTT,ACTIVE,ES,ISP,District,Attendance Area School,520,255,265,267,522,0.4903846154,0.5096153846,0.4885057471,0.5114942529
610198,TAYLOR,ACTIVE,ES,Network 13,District,Attendance Area School,498,461,37,58,519,0.9257028112,0.07429718876,0.8882466281,0.1117533719
610199,COLEMON,ACTIVE,ES,Network 13,District,Attendance Area School,252,73,179,35,108,0.2896825397,0.7103174603,0.6759259259,0.3240740741
610200,THORP J,ACTIVE,ES,Network 12,District,Attendance Area School,336,209,127,234,443,0.6220238095,0.3779761905,0.4717832957,0.5282167043
610202,TILTON,ACTIVE,ES,Network 5,District,Attendance Area School,346,251,95,403,654,0.725433526,0.274566474,0.3837920489,0.6162079511
610203,TONTI,ACTIVE,ES,ISP,District,Attendance Area School,1074,974,100,261,1235,0.9068901304,0.09310986965,0.7886639676,0.2113360324
610206,TWAIN,ACTIVE,ES,Network 10,District,Attendance Area School,1147,1116,31,247,1363,0.972972973,0.02702702703,0.8187820983,0.1812179017
610208,LAVIZZO,ACTIVE,ES,Network 13,District,Attendance Area School,354,313,41,414,727,0.884180791,0.115819209,0.4305364512,0.5694635488
610209,VOLTA,ACTIVE,ES,Network 1,District,Attendance Area School,921,817,104,305,1122,0.8870792617,0.1129207383,0.7281639929,0.2718360071
610212,ALBANY PARK,ACTIVE,ES,Network 1,District,Attendance Area School,277,224,53,64,288,0.8086642599,0.1913357401,0.7777777778,0.2222222222
610213,WADSWORTH,ACTIVE,ES,Network 9,District,Attendance Area School,576,389,187,707,1096,0.6753472222,0.3246527778,0.3549270073,0.6450729927
610215,MADERO,ACTIVE,ES,Network 7,District,Attendance Area School,336,274,62,45,319,0.8154761905,0.1845238095,0.8589341693,0.1410658307
610216,WALSH,ACTIVE,ES,Network 7,District,Attendance Area School,365,172,193,98,270,0.4712328767,0.5287671233,0.637037037,0.362962963
610217,WARD J,ACTIVE,ES,Network 6,District,Attendance Area School,558,273,285,100,373,0.4892473118,0.5107526882,0.7319034853,0.2680965147
610218,WARREN,ACTIVE,ES,Network 12,District,Attendance Area School,280,98,182,282,380,0.35,0.65,0.2578947368,0.7421052632
610219,WASHINGTON G ES,ACTIVE,ES,Network 13,District,Attendance Area School,887,828,59,71,899,0.9334836528,0.06651634724,0.9210233593,0.07897664071
610220,WATERS,ACTIVE,ES,Network 2,District,Attendance Area School,634,462,172,210,672,0.7287066246,0.2712933754,0.6875,0.3125
610221,WEBSTER,ACTIVE,ES,Network 5,District,Attendance Area School,311,131,180,138,269,0.421221865,0.578778135,0.4869888476,0.5130111524
610223,WENTWORTH,ACTIVE,ES,Network 11,District,Attendance Area School,508,315,193,493,808,0.6200787402,0.3799212598,0.3898514851,0.6101485149
610225,WHISTLER,ACTIVE,ES,Network 13,District,Attendance Area School,306,168,138,139,307,0.5490196078,0.4509803922,0.5472312704,0.4527687296
610226,SANDOVAL,ACTIVE,ES,Network 8,District,Attendance Area School,1014,934,80,384,1318,0.9211045365,0.07889546351,0.7086494689,0.2913505311
610227,WHITNEY,ACTIVE,ES,Network 7,District,Attendance Area School,1035,1000,35,167,1167,0.9661835749,0.03381642512,0.8568980291,0.1431019709
610228,WHITTIER,ACTIVE,ES,Network 7,District,Attendance Area School,269,198,71,273,471,0.7360594796,0.2639405204,0.4203821656,0.5796178344
610229,PRITZKER,ACTIVE,ES,Network 6,District,Attendance Area School,747,173,574,230,403,0.2315930388,0.7684069612,0.429280397,0.570719603
610230,WILDWOOD,ACTIVE,ES,Network 1,District,Attendance Area School,487,334,153,44,378,0.6858316222,0.3141683778,0.8835978836,0.1164021164
610231,NATIONAL TEACHERS,ACTIVE,ES,AUSL,District,Attendance Area School,706,313,393,167,480,0.4433427762,0.5566572238,0.6520833333,0.3479166667
610234,YATES,ACTIVE,ES,Network 5,District,Attendance Area School,508,208,300,349,557,0.4094488189,0.5905511811,0.3734290844,0.6265709156
610235,YOUNG ES,ACTIVE,ES,Network 3,District,Attendance Area School,876,665,211,678,1343,0.7591324201,0.2408675799,0.4951600894,0.5048399106
610237,BEETHOVEN,ACTIVE,ES,Network 9,District,Attendance Area School,406,174,232,492,666,0.4285714286,0.5714285714,0.2612612613,0.7387387387
610238,BOND,ACTIVE,ES,Network 11,District,Attendance Area School,321,143,178,119,262,0.445482866,0.554517134,0.5458015267,0.4541984733
610239,DALEY,ACTIVE,ES,Network 8,District,Attendance Area School,612,389,223,220,609,0.635620915,0.364379085,0.6387520525,0.3612479475
610242,BRENNEMANN,ACTIVE,ES,Network 2,District,Attendance Area School,398,323,75,796,1119,0.8115577889,0.1884422111,0.2886505809,0.7113494191
610251,CATHER,ACTIVE,ES,Network 5,District,Attendance Area School,394,237,157,655,892,0.6015228426,0.3984771574,0.2656950673,0.7343049327
610252,DETT,ACTIVE,ES,Network 6,District,Attendance Area School,309,186,123,524,710,0.6019417476,0.3980582524,0.261971831,0.738028169
610254,DVORAK,ACTIVE,ES,AUSL,District,Attendance Area School,438,163,275,251,414,0.3721461187,0.6278538813,0.3937198068,0.6062801932
610256,ROBINSON,ACTIVE,ES,Network 9,District,Attendance Area School,130,80,50,315,395,0.6153846154,0.3846153846,0.2025316456,0.7974683544
610257,MORTON,ACTIVE,ES,AUSL,District,Attendance Area School,391,186,205,423,609,0.4757033248,0.5242966752,0.3054187192,0.6945812808
610263,DULLES,ACTIVE,ES,AUSL,District,Attendance Area School,631,560,71,761,1321,0.8874801902,0.1125198098,0.4239212718,0.5760787282
610268,ASHE,ACTIVE,ES,Network 12,District,Attendance Area School,279,201,78,429,630,0.7204301075,0.2795698925,0.319047619,0.680952381
610269,MCCUTCHEON,ACTIVE,ES,Network 2,District,Attendance Area School,421,194,227,349,543,0.460807601,0.539192399,0.3572744015,0.6427255985
610271,JENSEN,ACTIVE,ES,Network 5,District,Attendance Area School,450,237,213,689,926,0.5266666667,0.4733333333,0.2559395248,0.7440604752
610274,JOHNSON,ACTIVE,ES,AUSL,District,Attendance Area School,467,353,114,646,999,0.755888651,0.244111349,0.3533533534,0.6466466466
610276,MOLLISON,ACTIVE,ES,Network 9,District,Attendance Area School,381,170,211,384,554,0.4461942257,0.5538057743,0.3068592058,0.6931407942
610279,TANNER,ACTIVE,ES,Network 12,District,Attendance Area School,346,257,89,322,579,0.7427745665,0.2572254335,0.4438687392,0.5561312608
610281,POWELL,ACTIVE,ES,Network 12,District,Attendance Area School,565,420,145,355,775,0.7433628319,0.2566371681,0.5419354839,0.4580645161
610282,MCNAIR,ACTIVE,ES,AUSL,District,Attendance Area School,399,238,161,346,584,0.5964912281,0.4035087719,0.4075342466,0.5924657534
610284,NEW FIELD,ACTIVE,ES,Network 2,District,Attendance Area School,683,552,131,479,1031,0.8081991215,0.1918008785,0.5354025218,0.4645974782
610290,MAYS,ACTIVE,ES,Network 11,District,Attendance Area School,423,293,130,436,729,0.6926713948,0.3073286052,0.401920439,0.598079561
610291,LEE,ACTIVE,ES,ISP,District,Attendance Area School,849,789,60,163,952,0.9293286219,0.07067137809,0.8287815126,0.1712184874
610293,MELODY,ACTIVE,ES,Network 5,District,Attendance Area School,509,228,281,298,526,0.4479371316,0.5520628684,0.433460076,0.566539924
610295,HIGGINS,ACTIVE,ES,Network 13,District,Attendance Area School,279,181,98,85,266,0.6487455197,0.3512544803,0.6804511278,0.3195488722
610299,KING ES,ACTIVE,ES,Network 11,District,Attendance Area School,235,141,94,194,335,0.6,0.4,0.4208955224,0.5791044776
610300,WESTCOTT,ACTIVE,ES,Network 11,District,Attendance Area School,422,252,170,332,584,0.5971563981,0.4028436019,0.4315068493,0.5684931507
610305,LELAND,ACTIVE,ES,Network 3,District,Attendance Area School,479,358,121,745,1103,0.7473903967,0.2526096033,0.3245693563,0.6754306437
610312,MCDOWELL,ACTIVE,ES,ISP,District,Attendance Area School,171,99,72,130,229,0.5789473684,0.4210526316,0.4323144105,0.5676855895
610313,DE DIEGO,ACTIVE,ES,Network 5,District,Attendance Area School,656,301,355,460,761,0.4588414634,0.5411585366,0.3955321945,0.6044678055
610315,WHITE,ACTIVE,ES,Network 13,District,Attendance Area School,180,145,35,88,233,0.8055555556,0.1944444444,0.6223175966,0.3776824034
610316,EARHART,ACTIVE,ES,Network 12,District,Attendance Area School,250,81,169,43,124,0.324,0.676,0.6532258065,0.3467741935
610317,BRIGHTON PARK,ACTIVE,ES,Network 8,District,Attendance Area School,490,335,155,392,727,0.6836734694,0.3163265306,0.4607977992,0.5392022008
610319,EVERGREEN,ACTIVE,ES,Network 8,District,Attendance Area School,303,266,37,218,484,0.8778877888,0.1221122112,0.5495867769,0.4504132231
610321,MARSHALL MIDDLE,ACTIVE,ES,Network 1,District,Attendance Area School,0,0,0,625,625,#DIV/0!,#DIV/0!,0,1
610323,BOWEN HS,ACTIVE,HS,Network 12,District,Attendance Area School,328,192,136,2345,2537,0.5853658537,0.4146341463,0.07567993693,0.9243200631
610325,LOGANDALE,ACTIVE,ES,Network 4,District,Attendance Area School,777,549,228,337,886,0.7065637066,0.2934362934,0.6196388262,0.3803611738
610329,OROZCO,ACTIVE,ES,Network 7,District,Attendance Area School,568,180,388,120,300,0.3169014085,0.6830985915,0.6,0.4
610339,STAGG,ACTIVE,ES,AUSL,District,Attendance Area School,440,339,101,346,685,0.7704545455,0.2295454545,0.4948905109,0.5051094891
610345,WOODSON,ACTIVE,ES,Network 9,District,Attendance Area School,342,234,108,558,792,0.6842105263,0.3157894737,0.2954545455,0.7045454545
610347,CLAREMONT,ACTIVE,ES,Network 10,District,Attendance Area School,434,245,189,286,531,0.564516129,0.435483871,0.461393597,0.538606403
610352,DURKIN PARK,ACTIVE,ES,Network 10,District,Attendance Area School,712,668,44,80,748,0.9382022472,0.06179775281,0.8930481283,0.1069518717
610353,CALMECA,ACTIVE,ES,Network 8,District,Attendance Area School,807,545,262,306,851,0.6753407683,0.3246592317,0.6404230317,0.3595769683
610355,COURTENAY,ACTIVE,ES,Network 2,District,Attendance Area School,456,188,268,172,360,0.4122807018,0.5877192982,0.5222222222,0.4777777778
610362,EVERS,ACTIVE,ES,Network 11,District,Attendance Area School,316,195,121,158,353,0.6170886076,0.3829113924,0.552407932,0.447592068
610364,DUBOIS,ACTIVE,ES,Network 13,District,Attendance Area School,256,200,56,148,348,0.78125,0.21875,0.5747126437,0.4252873563
610366,WACKER,ACTIVE,ES,Network 11,District,Attendance Area School,289,81,208,58,139,0.2802768166,0.7197231834,0.5827338129,0.4172661871
610367,DEPRIEST,ACTIVE,ES,Network 3,District,Attendance Area School,614,388,226,482,870,0.6319218241,0.3680781759,0.4459770115,0.5540229885
610368,HUGHES L,ACTIVE,ES,Network 13,District,Attendance Area School,486,322,164,306,628,0.6625514403,0.3374485597,0.5127388535,0.4872611465
610369,JACKSON M,ACTIVE,ES,Network 11,District,Attendance Area School,320,156,164,271,427,0.4875,0.5125,0.3653395785,0.6346604215
610383,SOCIAL JUSTICE HS (See LITTLE VILLAGE CAMPUS),ACTIVE,HS,Network 7,District,Attendance Area School,304,0,0,0,0,0,0,#DIV/0!,#DIV/0!
610384,INFINITY HS (See LITTLE VILLAGE CAMPUS),ACTIVE,HS,Network 7,District,Attendance Area School,409,0,0,0,0,0,0,#DIV/0!,#DIV/0!
610385,MULTICULTURAL HS (See LITTLE VILLAGE CAMPUS),ACTIVE,HS,Network 7,District,Attendance Area School,251,0,0,0,0,0,0,#DIV/0!,#DIV/0!
610389,ORR HS,ACTIVE,HS,AUSL,District,Attendance Area School,386,280,106,3687,3967,0.725388601,0.274611399,0.07058230401,0.929417696
610392,WORLD LANGUAGE HS (See LITTLE VILLAGE CAMPUS),ACTIVE,HS,Network 7,District,Attendance Area School,340,0,0,0,0,0,0,#DIV/0!,#DIV/0!
610396,TARKINGTON,ACTIVE,ES,AUSL,District,Attendance Area School,1002,972,30,265,1237,0.9700598802,0.02994011976,0.7857720291,0.2142279709
610518,VOISE HS,ACTIVE,HS,Network 3,District,Attendance Area School,304,105,199,1696,1801,0.3453947368,0.6546052632,0.05830094392,0.9416990561
610523,EDISON PARK,ACTIVE,ES,Network 1,District,Attendance Area School,564,468,96,74,542,0.829787234,0.170212766,0.8634686347,0.1365313653
610532,HERNANDEZ,ACTIVE,ES,Network 8,District,Attendance Area School,1045,1012,33,263,1275,0.9684210526,0.03157894737,0.7937254902,0.2062745098
610533,PRIETO,ACTIVE,ES,ISP,District,Attendance Area School,1010,880,130,415,1295,0.8712871287,0.1287128713,0.6795366795,0.3204633205
610539,CAMRAS,ACTIVE,ES,Network 3,District,Attendance Area School,972,605,367,234,839,0.6224279835,0.3775720165,0.7210965435,0.2789034565
610541,LORCA,ACTIVE,ES,Network 4,District,Attendance Area School,858,782,76,386,1168,0.9114219114,0.08857808858,0.6695205479,0.3304794521
610542,WEST RIDGE,ACTIVE,ES,Network 2,District,Attendance Area School,796,717,79,308,1025,0.9007537688,0.09924623116,0.6995121951,0.3004878049
610543,SOLORIO HS,ACTIVE,HS,AUSL,District,Attendance Area School,1142,831,311,704,1535,0.7276707531,0.2723292469,0.5413680782,0.4586319218
610544,AZUELA,ACTIVE,ES,Network 10,District,Attendance Area School,948,889,59,215,1104,0.9377637131,0.06223628692,0.8052536232,0.1947463768
610559,SHIELDS MIDDLE,ACTIVE,ES,Network 8,District,Attendance Area School,654,614,40,451,1065,0.9388379205,0.06116207951,0.5765258216,0.4234741784
610586,SOUTHEAST,NEW,ES,Network 13,District,Attendance Area School,447,368,79,144,512,0.8232662192,0.1767337808,0.71875,0.28125
610587,DYETT ARTS HS,NEW,HS,Network 9,District,Attendance Area School,149,27,122,189,216,0.1812080537,0.8187919463,0.125,0.875
910392,"LITTLE VILLAGE CAMPUS (Infinity HS, Multicultural HS, Social Justice HS, World Language HS)",ACTIVE,HS,District,Network 7,Attendance Area School,1304,309,995,1596,1905,0.2369631902,0.7630368098,0.1622047244,0.8377952756
400017,ASPIRA - HAUGAN,ACTIVE,ES,Charter,Charter,Charter-Attendance Area School,537,0,537,0,0,0,1,#DIV/0!,#DIV/0!
400031,CICS - WRIGHTWOOD,ACTIVE,ES,Charter,Charter,Charter-Attendance Area School,784,0,784,0,0,0,1,#DIV/0!,#DIV/0!
400032,CICS - ELLISON HS,ACTIVE,HS,Charter,Charter,Charter-Attendance Area School,441,0,441,0,0,0,1,#DIV/0!,#DIV/0!
400034,CICS - NORTHTOWN HS,ACTIVE,HS,Charter,Charter,Charter-Attendance Area School,908,0,908,0,0,0,1,#DIV/0!,#DIV/0!
400052,NOBLE - COMER,ACTIVE,HS,Charter,Charter,Charter-Attendance Area School,1139,0,1139,0,0,0,1,#DIV/0!,#DIV/0!
400057,NOBLE - UIC HS,ACTIVE,HS,Charter,Charter,Charter-Attendance Area School,909,0,909,0,0,0,1,#DIV/0!,#DIV/0!
400075,U OF C - DONOGHUE,ACTIVE,ES,Charter,Charter,Charter-Attendance Area School,546,0,546,0,0,0,1,#DIV/0!,#DIV/0!
400077,U OF C - WOODLAWN HS,ACTIVE,HS,Charter,Charter,Charter-Attendance Area School,622,0,622,0,0,0,1,#DIV/0!,#DIV/0!
400078,U OF C - WOODSON,ACTIVE,ES,Charter,Charter,Charter-Attendance Area School,297,0,297,0,0,0,1,#DIV/0!,#DIV/0!
400082,UNO - FUENTES,ACTIVE,ES,Charter,Charter,Charter-Attendance Area School,558,0,558,0,0,0,1,#DIV/0!,#DIV/0!
400084,UNO - TAMAYO,ACTIVE,ES,Charter,Charter,Charter-Attendance Area School,288,0,288,0,0,0,1,#DIV/0!,#DIV/0!
400097,NOBLE - BULLS HS,ACTIVE,HS,Charter,Charter,Charter-Attendance Area School,1146,0,1146,0,0,0,1,#DIV/0!,#DIV/0!
400113,CICS - CHICAGOQUEST HS,ACTIVE,HS,Charter,Charter,Charter-Attendance Area School,288,0,288,0,0,0,1,#DIV/0!,#DIV/0!
400120,UNO - CLEMENTE,ACTIVE,ES,Charter,Charter,Charter-Attendance Area School,569,0,569,0,0,0,1,#DIV/0!,#DIV/0!
400009,GLOBAL CITIZENSHIP,ACTIVE,ES,Charter,Charter,Citywide,461,0,461,0,0,0,1,#DIV/0!,#DIV/0!
400010,ACE TECH HS,ACTIVE,HS,Charter,Charter,Citywide,385,0,385,0,0,0,1,#DIV/0!,#DIV/0!
400011,LOCKE A,ACTIVE,ES,Charter,Charter,Citywide,550,0,550,0,0,0,1,#DIV/0!,#DIV/0!
400013,ASPIRA - EARLY COLLEGE HS,ACTIVE,HS,Charter,Charter,Citywide,422,0,422,0,0,0,1,#DIV/0!,#DIV/0!
400021,CATALYST - CIRCLE ROCK,ACTIVE,ES,Charter,Charter,Citywide,522,0,522,0,0,0,1,#DIV/0!,#DIV/0!
400022,CHICAGO ARTS HS,ACTIVE,HS,Contract,Contract,Citywide,603,0,603,0,0,0,1,#DIV/0!,#DIV/0!
400023,CICS - AVALON/SOUTH SHORE,ACTIVE,ES,Charter,Charter,Citywide,501,0,501,0,0,0,1,#DIV/0!,#DIV/0!
400024,CICS - BASIL,ACTIVE,ES,Charter,Charter,Citywide,749,0,749,0,0,0,1,#DIV/0!,#DIV/0!
400025,CICS - BUCKTOWN,ACTIVE,ES,Charter,Charter,Citywide,704,0,704,0,0,0,1,#DIV/0!,#DIV/0!
400026,CICS - LOOMIS,ACTIVE,ES,Charter,Charter,Citywide,550,0,550,0,0,0,1,#DIV/0!,#DIV/0!
400027,CICS - IRVING PARK,ACTIVE,ES,Charter,Charter,Citywide,556,0,556,0,0,0,1,#DIV/0!,#DIV/0!
400028,CICS - PRAIRIE,ACTIVE,ES,Charter,Charter,Citywide,420,0,420,0,0,0,1,#DIV/0!,#DIV/0!
400029,CICS - WASHINGTON PARK,ACTIVE,ES,Charter,Charter,Citywide,482,0,482,0,0,0,1,#DIV/0!,#DIV/0!
400030,CICS - WEST BELDEN,ACTIVE,ES,Charter,Charter,Citywide,531,0,531,0,0,0,1,#DIV/0!,#DIV/0!
400033,CICS - LONGWOOD,ACTIVE,HS,Charter,Charter,Citywide,1361,0,1361,0,0,0,1,#DIV/0!,#DIV/0!
400035,CHICAGO MATH & SCIENCE HS,ACTIVE,HS,Charter,Charter,Citywide,600,0,600,0,0,0,1,#DIV/0!,#DIV/0!
400036,CHICAGO VIRTUAL,ACTIVE,HS,Charter,Charter,Citywide,676,0,676,0,0,0,1,#DIV/0!,#DIV/0!
400038,COMMUNITY SERVICES WEST HS,ACTIVE,HS,Options,District,Citywide,0,#N/A,#N/A,0,0,#N/A,#N/A,#N/A,#DIV/0!
400039,ERIE,ACTIVE,ES,Charter,Charter,Citywide,421,0,421,0,0,0,1,#DIV/0!,#DIV/0!
400040,FRAZIER CHARTER,ACTIVE,ES,Charter,Charter,Citywide,428,0,428,0,0,0,1,#DIV/0!,#DIV/0!
400043,HOPE INSTITUTE,ACTIVE,ES,Contract,Contract,Citywide,365,0,365,0,0,0,1,#DIV/0!,#DIV/0!
400044,KIPP - ASCEND,ACTIVE,ES,Charter,Charter,Citywide,883,0,883,0,0,0,1,#DIV/0!,#DIV/0!
400045,NKRUMAH,ACTIVE,ES,Charter,Charter,Citywide,213,0,213,0,0,0,1,#DIV/0!,#DIV/0!
400046,LEARN - BUTLER,ACTIVE,ES,Charter,Charter,Citywide,656,0,656,0,0,0,1,#DIV/0!,#DIV/0!
400047,LEARN - CAMPBELL,ACTIVE,ES,Charter,Charter,Citywide,439,0,439,0,0,0,1,#DIV/0!,#DIV/0!
400048,LEARN - EXCEL,ACTIVE,ES,Charter,Charter,Citywide,451,0,451,0,0,0,1,#DIV/0!,#DIV/0!
400049,LEGACY,ACTIVE,ES,Charter,Charter,Citywide,470,0,470,0,0,0,1,#DIV/0!,#DIV/0!
400050,NAMASTE,ACTIVE,ES,Charter,Charter,Citywide,485,0,485,0,0,0,1,#DIV/0!,#DIV/0!
400051,NOBLE - NOBLE HS,ACTIVE,HS,Charter,Charter,Citywide,636,0,636,0,0,0,1,#DIV/0!,#DIV/0!
400053,NOBLE - GOLDER HS,ACTIVE,HS,Charter,Charter,Citywide,654,0,654,0,0,0,1,#DIV/0!,#DIV/0!
400054,NOBLE - PRITZKER HS,ACTIVE,HS,Charter,Charter,Citywide,1008,0,1008,0,0,0,1,#DIV/0!,#DIV/0!
400055,NOBLE - RAUNER HS,ACTIVE,HS,Charter,Charter,Citywide,649,0,649,0,0,0,1,#DIV/0!,#DIV/0!
400056,NOBLE - ROWE CLARK HS,ACTIVE,HS,Charter,Charter,Citywide,558,0,558,0,0,0,1,#DIV/0!,#DIV/0!
400058,NORTH LAWNDALE - CHRISTIANA HS,ACTIVE,HS,Charter,Charter,Citywide,379,0,379,0,0,0,1,#DIV/0!,#DIV/0!
400059,NORTH LAWNDALE - COLLINS HS,ACTIVE,HS,Charter,Charter,Citywide,404,0,404,0,0,0,1,#DIV/0!,#DIV/0!
400060,AHS - PASSAGES,ACTIVE,ES,Charter,Charter,Citywide,482,0,482,0,0,0,1,#DIV/0!,#DIV/0!
400061,PERSPECTIVES - LEADERSHIP HS,ACTIVE,HS,Charter,Charter,Citywide,481,0,481,0,0,0,1,#DIV/0!,#DIV/0!
400062,PERSPECTIVES - TECH HS,ACTIVE,HS,Charter,Charter,Citywide,381,0,381,0,0,0,1,#DIV/0!,#DIV/0!
400064,PERSPECTIVES - JOSLIN HS,ACTIVE,HS,Charter,Charter,Citywide,394,0,394,0,0,0,1,#DIV/0!,#DIV/0!
400066,PERSPECTIVES - MATH & SCI HS,ACTIVE,HS,Charter,Charter,Citywide,469,0,469,0,0,0,1,#DIV/0!,#DIV/0!
400068,PLATO,ACTIVE,ES,Contract,Contract,Citywide,448,0,448,0,0,0,1,#DIV/0!,#DIV/0!
400069,POLARIS,ACTIVE,ES,Charter,Charter,Citywide,445,0,445,0,0,0,1,#DIV/0!,#DIV/0!
400070,PROLOGUE - EARLY COLLEGE HS,ACTIVE,HS,Options,District,Citywide,0,#N/A,#N/A,0,0,#N/A,#N/A,#N/A,#DIV/0!
400071,PROVIDENCE ENGLEWOOD,ACTIVE,ES,Charter,Charter,Citywide,502,0,502,0,0,0,1,#DIV/0!,#DIV/0!
400072,SHABAZZ - SHABAZZ,ACTIVE,ES,Charter,Charter,Citywide,0,#N/A,#N/A,0,0,#N/A,#N/A,#N/A,#DIV/0!
400076,U OF C - NKO,ACTIVE,ES,Charter,Charter,Citywide,363,0,363,0,0,0,1,#DIV/0!,#DIV/0!
400079,UNO - ZIZUMBO,ACTIVE,ES,Charter,Charter,Citywide,624,0,624,0,0,0,1,#DIV/0!,#DIV/0!
400080,UNO - TORRES,ACTIVE,ES,Charter,Charter,Citywide,614,0,614,0,0,0,1,#DIV/0!,#DIV/0!
400081,UNO - DE LAS CASAS,ACTIVE,ES,Charter,Charter,Citywide,285,0,285,0,0,0,1,#DIV/0!,#DIV/0!
400083,UNO - PAZ,ACTIVE,ES,Charter,Charter,Citywide,384,0,384,0,0,0,1,#DIV/0!,#DIV/0!
400085,UNO - GARCIA HS,ACTIVE,HS,Charter,Charter,Citywide,624,0,624,0,0,0,1,#DIV/0!,#DIV/0!
400086,URBAN PREP - ENGLEWOOD HS,ACTIVE,HS,Charter,Charter,Citywide,325,0,325,0,0,0,1,#DIV/0!,#DIV/0!
400087,YOUNG WOMENS HS,ACTIVE,HS,Charter,Charter,Citywide,248,0,248,0,0,0,1,#DIV/0!,#DIV/0!
400089,UNO - MARQUEZ,ACTIVE,ES,Charter,Charter,Citywide,575,0,575,0,0,0,1,#DIV/0!,#DIV/0!
400091,CHICAGO TECH HS,ACTIVE,HS,Contract,Contract,Citywide,272,0,272,0,0,0,1,#DIV/0!,#DIV/0!
400092,CICS - BOND,ACTIVE,ES,Charter,Charter,Citywide,341,0,341,0,0,0,1,#DIV/0!,#DIV/0!
400094,EPIC HS,ACTIVE,HS,Charter,Charter,Citywide,501,0,501,0,0,0,1,#DIV/0!,#DIV/0!
400096,ROWE,ACTIVE,ES,Charter,Charter,Citywide,946,0,946,0,0,0,1,#DIV/0!,#DIV/0!
400098,NOBLE - MUCHIN HS,ACTIVE,HS,Charter,Charter,Citywide,946,0,946,0,0,0,1,#DIV/0!,#DIV/0!
400101,UNO - CISNEROS,ACTIVE,ES,Charter,Charter,Citywide,545,0,545,0,0,0,1,#DIV/0!,#DIV/0!
400102,URBAN PREP - WEST HS,ACTIVE,HS,Charter,Charter,Citywide,271,0,271,0,0,0,1,#DIV/0!,#DIV/0!
400104,INSTITUTO - HEALTH,ACTIVE,HS,Charter,Charter,Citywide,759,0,759,0,0,0,1,#DIV/0!,#DIV/0!
400105,URBAN PREP - BRONZEVILLE HS,ACTIVE,HS,Charter,Charter,Citywide,365,0,365,0,0,0,1,#DIV/0!,#DIV/0!
400106,NOBLE - JOHNSON HS,ACTIVE,HS,Charter,Charter,Citywide,864,0,864,0,0,0,1,#DIV/0!,#DIV/0!
400107,LEARN - SOUTH CHICAGO,ACTIVE,ES,Charter,Charter,Citywide,493,0,493,0,0,0,1,#DIV/0!,#DIV/0!
400109,PROLOGUE - JOHNSTON HS,ACTIVE,HS,Options,Charter,Citywide,0,#N/A,#N/A,0,0,#N/A,#N/A,#N/A,#DIV/0!
400111,LEARN - PERKINS,ACTIVE,ES,Charter,Charter,Citywide,497,0,497,0,0,0,1,#DIV/0!,#DIV/0!
400112,UNO - SOCCER ELEM,ACTIVE,ES,Charter,Charter,Citywide,576,0,576,0,0,0,1,#DIV/0!,#DIV/0!
400114,UNO - SANTIAGO,ACTIVE,ES,Charter,Charter,Citywide,280,0,280,0,0,0,1,#DIV/0!,#DIV/0!
400115,CATALYST - MARIA,ACTIVE,ES,Charter,Charter,Citywide,1107,0,1107,0,0,0,1,#DIV/0!,#DIV/0!
400116,MONTESSORI ENGLEWOOD,ACTIVE,ES,Charter,Charter,Citywide,293,0,293,0,0,0,1,#DIV/0!,#DIV/0!
400117,NOBLE - HANSBERRY HS,ACTIVE,HS,Charter,Charter,Citywide,709,0,709,0,0,0,1,#DIV/0!,#DIV/0!
400118,NOBLE - DRW HS,ACTIVE,HS,Charter,Charter,Citywide,545,0,545,0,0,0,1,#DIV/0!,#DIV/0!
400119,LEGAL PREP HS,ACTIVE,HS,Charter,Charter,Citywide,306,0,306,0,0,0,1,#DIV/0!,#DIV/0!
400121,UNO - ROGERS PARK,ACTIVE,ES,Charter,Charter,Citywide,736,0,736,0,0,0,1,#DIV/0!,#DIV/0!
400123,YCCS - SCHOLASTIC ACHIEVEMENT,ACTIVE,HS,Options,Charter,Citywide,193,0,193,0,0,0,1,#DIV/0!,#DIV/0!
400124,YCCS - MCKINLEY,ACTIVE,HS,Options,Charter,Citywide,214,0,214,0,0,0,1,#DIV/0!,#DIV/0!
400125,YCCS - ASPIRA PANTOJA,ACTIVE,HS,Options,Charter,Citywide,200,0,200,0,0,0,1,#DIV/0!,#DIV/0!
400126,YCCS - ASSOCIATION HOUSE,ACTIVE,HS,Options,Charter,Citywide,170,0,170,0,0,0,1,#DIV/0!,#DIV/0!
400127,YCCS - AUSTIN CAREER,ACTIVE,HS,Options,Charter,Citywide,148,0,148,0,0,0,1,#DIV/0!,#DIV/0!
400128,YCCS - CCA ACADEMY,ACTIVE,HS,Options,Charter,Citywide,221,0,221,0,0,0,1,#DIV/0!,#DIV/0!
400129,YCCS - HOUSTON,ACTIVE,HS,Options,Charter,Citywide,186,0,186,0,0,0,1,#DIV/0!,#DIV/0!
400130,YCCS - YOUTH DEVELOPMENT,ACTIVE,HS,Options,Charter,Citywide,187,0,187,0,0,0,1,#DIV/0!,#DIV/0!
400131,YCCS - CAMPOS,ACTIVE,HS,Options,Charter,Citywide,200,0,200,0,0,0,1,#DIV/0!,#DIV/0!
400133,YCCS - INNOVATIONS,ACTIVE,HS,Options,Charter,Citywide,450,0,450,0,0,0,1,#DIV/0!,#DIV/0!
400134,YCCS - ADDAMS,ACTIVE,HS,Options,Charter,Citywide,211,0,211,0,0,0,1,#DIV/0!,#DIV/0!
400135,YCCS - LATINO YOUTH,ACTIVE,HS,Options,Charter,Citywide,221,0,221,0,0,0,1,#DIV/0!,#DIV/0!
400136,YCCS - OLIVE HARVEY,ACTIVE,HS,Options,Charter,Citywide,127,0,127,0,0,0,1,#DIV/0!,#DIV/0!
400137,LITTLE BLACK PEARL HS,ACTIVE,HS,Options,Contract,Citywide,134,0,134,0,0,0,1,#DIV/0!,#DIV/0!
400139,YCCS - SULLIVAN,ACTIVE,HS,Options,Charter,Citywide,340,0,340,0,0,0,1,#DIV/0!,#DIV/0!
400141,YCCS - TRUMAN,ACTIVE,HS,Options,Charter,Citywide,207,0,207,0,0,0,1,#DIV/0!,#DIV/0!
400143,YCCS - WEST TOWN,ACTIVE,HS,Options,Charter,Citywide,161,0,161,0,0,0,1,#DIV/0!,#DIV/0!
400144,YCCS - WESTSIDE HOLISTIC,ACTIVE,HS,Options,Charter,Citywide,132,0,132,0,0,0,1,#DIV/0!,#DIV/0!
400145,YCCS - YOUTH CONNECTION,ACTIVE,HS,Options,Charter,Citywide,260,0,260,0,0,0,1,#DIV/0!,#DIV/0!
400146,KIPP CHICAGO - CREATE,ACTIVE,ES,Charter,Charter,Citywide,305,0,305,0,0,0,1,#DIV/0!,#DIV/0!
400147,CAMELOT - CHICAGO EXCEL HS,ACTIVE,HS,Options,Contract,Citywide,252,0,252,0,0,0,1,#DIV/0!,#DIV/0!
400148,INSTITUTO - LOZANO HS,ACTIVE,HS,Options,Charter,Citywide,97,0,97,0,0,0,1,#DIV/0!,#DIV/0!
400149,UNO - SOCCER HS,ACTIVE,HS,Charter,Charter,Citywide,630,0,630,0,0,0,1,#DIV/0!,#DIV/0!
400150,YCCS - CHATHAM,ACTIVE,HS,Options,Charter,Citywide,192,0,192,0,0,0,1,#DIV/0!,#DIV/0!
400151,LEARN - 7,ACTIVE,ES,Charter,Charter,Citywide,360,0,360,0,0,0,1,#DIV/0!,#DIV/0!
400153,UNO - BRIGHTON PARK,ACTIVE,ES,Charter,Charter,Citywide,573,0,573,0,0,0,1,#DIV/0!,#DIV/0!
400156,NOBLE - BUTLER HS,ACTIVE,HS,Charter,Charter,Citywide,615,0,615,0,0,0,1,#DIV/0!,#DIV/0!
400157,NOBLE - BAKER HS,ACTIVE,HS,Charter,Charter,Citywide,391,0,391,0,0,0,1,#DIV/0!,#DIV/0!
400159,CHRISTOPHER HOUSE,ACTIVE,ES,Charter,Charter,Citywide,277,0,277,0,0,0,1,#DIV/0!,#DIV/0!
400161,CHICAGO COLLEGIATE,ACTIVE,HS,Charter,Charter,Citywide,315,0,315,0,0,0,1,#DIV/0!,#DIV/0!
400162,INTRINSIC HS,ACTIVE,HS,Charter,Charter,Citywide,989,0,989,0,0,0,1,#DIV/0!,#DIV/0!
400163,KIPP CHICAGO - BLOOM,ACTIVE,ES,Charter,Charter,Citywide,324,0,324,0,0,0,1,#DIV/0!,#DIV/0!
400164,INSTITUTO - LOZANO MASTERY HS,ACTIVE,HS,Options,Charter,Citywide,34,0,34,0,0,0,1,#DIV/0!,#DIV/0!
400165,LEARN - MIDDLE,ACTIVE,ES,Charter,Charter,Citywide,291,0,291,0,0,0,1,#DIV/0!,#DIV/0!
400167,HORIZON - SOUTHWEST,ACTIVE,ES,Charter,Charter,Citywide,668,0,668,0,0,0,1,#DIV/0!,#DIV/0!
400168,GREAT LAKES,ACTIVE,ES,Charter,Charter,Citywide,251,0,251,0,0,0,1,#DIV/0!,#DIV/0!
400169,NOBLE - ITW SPEER HS,ACTIVE,HS,Charter,Charter,Citywide,818,0,818,0,0,0,1,#DIV/0!,#DIV/0!
400170,NOBLE - ACADEMY HS,ACTIVE,HS,Charter,Charter,Citywide,346,0,346,0,0,0,1,#DIV/0!,#DIV/0!
400171,FOUNDATIONS,ACTIVE,HS,Charter,Charter,Citywide,212,0,212,0,0,0,1,#DIV/0!,#DIV/0!
400172,ASPIRA - BUSINESS & FINANCE HS,ACTIVE,HS,Charter,Charter,Citywide,335,0,335,0,0,0,1,#DIV/0!,#DIV/0!
400173,PATHWAYS - BRIGHTON PARK HS,ACTIVE,HS,Options,ALOP,Citywide,353,0,353,0,0,0,1,#DIV/0!,#DIV/0!
400175,CAMELOT - EXCEL WOODLAWN HS,ACTIVE,HS,Options,Contract,Citywide,219,0,219,0,0,0,1,#DIV/0!,#DIV/0!
400176,CAMELOT - EXCEL SOUTHWEST HS,ACTIVE,HS,Options,Contract,Citywide,190,0,190,0,0,0,1,#DIV/0!,#DIV/0!
400178,MOVING EVEREST,ACTIVE,ES,Charter,Charter,Citywide,273,0,273,0,0,0,1,#DIV/0!,#DIV/0!
609676,DUNBAR HS,ACTIVE,HS,Network 9,District,Citywide,561,0,561,0,0,0,1,#DIV/0!,#DIV/0!
609678,JONES HS,ACTIVE,HS,ISP,District,Citywide,1819,0,1819,0,0,0,1,#DIV/0!,#DIV/0!
609679,PROSSER HS,ACTIVE,HS,Network 3,District,Citywide,1377,0,1377,0,0,0,1,#DIV/0!,#DIV/0!
609680,PAYTON HS,ACTIVE,HS,ISP,District,Citywide,979,0,979,0,0,0,1,#DIV/0!,#DIV/0!
609692,SIMEON HS,ACTIVE,HS,Network 11,District,Citywide,1323,0,1323,0,0,0,1,#DIV/0!,#DIV/0!
609693,WESTINGHOUSE HS,ACTIVE,HS,Network 5,District,Citywide,1150,0,1150,0,0,0,1,#DIV/0!,#DIV/0!
609694,HANCOCK HS,ACTIVE,HS,Network 8,District,Citywide,892,147,745,205,352,0.1647982063,0.8352017937,0.4176136364,0.5823863636
609720,LANE TECH HS,ACTIVE,HS,Network 4,District,Citywide,4195,0,4195,0,0,0,1,#DIV/0!,#DIV/0!
609726,BROOKS HS,ACTIVE,HS,Network 13,District,Citywide,916,0,916,0,0,0,1,#DIV/0!,#DIV/0!
609737,VON STEUBEN HS,ACTIVE,HS,Network 1,District,Citywide,1737,0,1737,0,0,0,1,#DIV/0!,#DIV/0!
609744,NORTHSIDE LEARNING HS,ACTIVE,HS,Network 1,District,Citywide,228,0,228,0,0,0,1,#DIV/0!,#DIV/0!
609745,SOUTHSIDE HS,ACTIVE,HS,Network 11,District,Citywide,270,0,270,0,0,0,1,#DIV/0!,#DIV/0!
609748,YORK HS,ACTIVE,HS,Network 11,District,Citywide,270,0,270,0,0,0,1,#DIV/0!,#DIV/0!
609749,NORTHSIDE PREP HS,ACTIVE,HS,Network 1,District,Citywide,1069,0,1069,0,0,0,1,#DIV/0!,#DIV/0!
609750,SIMPSON HS,ACTIVE,HS,Network 6,District,Citywide,64,0,64,0,0,0,1,#DIV/0!,#DIV/0!
609751,KING HS,ACTIVE,HS,Network 9,District,Citywide,642,0,642,0,0,0,1,#DIV/0!,#DIV/0!
609753,CHICAGO AGRICULTURE HS,ACTIVE,HS,ISP,District,Citywide,720,0,720,0,0,0,1,#DIV/0!,#DIV/0!
609754,CHICAGO MILITARY HS,ACTIVE,HS,Service Leadership Academies,District,Citywide,293,0,293,0,0,0,1,#DIV/0!,#DIV/0!
609755,YOUNG HS,ACTIVE,HS,ISP,District,Citywide,2112,0,2112,0,0,0,1,#DIV/0!,#DIV/0!
609760,CARVER MILITARY HS,ACTIVE,HS,Service Leadership Academies,District,Citywide,500,0,500,0,0,0,1,#DIV/0!,#DIV/0!
609766,VAUGHN HS,ACTIVE,HS,Network 1,District,Citywide,206,0,206,0,0,0,1,#DIV/0!,#DIV/0!
609769,GRAHAM HS,ACTIVE,HS,Network 6,District,Citywide,119,0,119,0,0,0,1,#DIV/0!,#DIV/0!
609780,MARINE LEADERSHIP AT AMES HS,ACTIVE,HS,Service Leadership Academies,District,Citywide,841,0,841,0,0,0,1,#DIV/0!,#DIV/0!
609783,JEFFERSON HS,ACTIVE,HS,Network 11,District,Citywide,259,0,259,0,0,0,1,#DIV/0!,#DIV/0!
609794,EDISON,ACTIVE,ES,Network 1,District,Citywide,275,0,275,0,0,0,1,#DIV/0!,#DIV/0!
609827,BURNSIDE,ACTIVE,ES,Network 12,District,Citywide,513,0,513,0,0,0,1,#DIV/0!,#DIV/0!
609855,CHRISTOPHER,ACTIVE,ES,Network 8,District,Citywide,390,0,390,0,0,0,1,#DIV/0!,#DIV/0!
609871,VICK,ACTIVE,ES,Network 10,District,Citywide,336,0,336,0,0,0,1,#DIV/0!,#DIV/0!
609880,DECATUR,ACTIVE,ES,Network 2,District,Citywide,292,0,292,0,0,0,1,#DIV/0!,#DIV/0!
609895,TURNER-DREW,ACTIVE,ES,Network 11,District,Citywide,263,0,263,0,0,0,1,#DIV/0!,#DIV/0!
609896,DRUMMOND,ACTIVE,ES,Network 6,District,Citywide,353,0,353,0,0,0,1,#DIV/0!,#DIV/0!
609907,ERICSON,ACTIVE,ES,Network 5,District,Citywide,467,0,467,0,0,0,1,#DIV/0!,#DIV/0!
609922,BELMONT-CRAGIN,ACTIVE,ES,Network 3,District,Citywide,575,0,575,0,0,0,1,#DIV/0!,#DIV/0!
609925,KELLMAN,ACTIVE,ES,Network 5,District,Citywide,347,0,347,0,0,0,1,#DIV/0!,#DIV/0!
609926,FRANKLIN,ACTIVE,ES,Network 4,District,Citywide,365,0,365,0,0,0,1,#DIV/0!,#DIV/0!
609951,ARIEL,ACTIVE,ES,ISP,District,Citywide,506,0,506,0,0,0,1,#DIV/0!,#DIV/0!
609958,GUNSAULUS,ACTIVE,ES,ISP,District,Citywide,798,0,798,0,0,0,1,#DIV/0!,#DIV/0!
609974,HAWTHORNE,ACTIVE,ES,ISP,District,Citywide,575,0,575,0,0,0,1,#DIV/0!,#DIV/0!
609977,WOODLAWN,ACTIVE,ES,Network 9,District,Citywide,195,0,195,0,0,0,1,#DIV/0!,#DIV/0!
610009,GALILEO,ACTIVE,ES,Network 6,District,Citywide,577,0,577,0,0,0,1,#DIV/0!,#DIV/0!
610017,SAUCEDO,ACTIVE,ES,Network 7,District,Citywide,1085,0,1085,0,0,0,1,#DIV/0!,#DIV/0!
610019,KERSHAW,ACTIVE,ES,Network 11,District,Citywide,278,0,278,0,0,0,1,#DIV/0!,#DIV/0!
610033,LASALLE,ACTIVE,ES,Network 4,District,Citywide,563,0,563,0,0,0,1,#DIV/0!,#DIV/0!
610060,JACKSON A,ACTIVE,ES,Network 6,District,Citywide,561,0,561,0,0,0,1,#DIV/0!,#DIV/0!
610066,MCDADE,ACTIVE,ES,Network 12,District,Citywide,196,0,196,0,0,0,1,#DIV/0!,#DIV/0!
610078,INTER-AMERICAN,ACTIVE,ES,Network 4,District,Citywide,716,0,716,0,0,0,1,#DIV/0!,#DIV/0!
610081,SHERIDAN,ACTIVE,ES,Network 6,District,Citywide,563,0,563,0,0,0,1,#DIV/0!,#DIV/0!
610083,BEARD,ACTIVE,ES,Network 1,District,Citywide,173,0,173,0,0,0,1,#DIV/0!,#DIV/0!
610084,KELLER,ACTIVE,ES,ISP,District,Citywide,241,0,241,0,0,0,1,#DIV/0!,#DIV/0!
610087,BLAIR,ACTIVE,ES,Network 10,District,Citywide,154,0,154,0,0,0,1,#DIV/0!,#DIV/0!
610090,MURRAY,ACTIVE,ES,Network 9,District,Citywide,520,0,520,0,0,0,1,#DIV/0!,#DIV/0!
610095,NEWBERRY,ACTIVE,ES,Network 4,District,Citywide,574,0,574,0,0,0,1,#DIV/0!,#DIV/0!
610109,OWEN,ACTIVE,ES,Network 10,District,Citywide,263,0,263,0,0,0,1,#DIV/0!,#DIV/0!
610132,POE,ACTIVE,ES,Network 13,District,Citywide,214,0,214,0,0,0,1,#DIV/0!,#DIV/0!
610163,STOCK,ACTIVE,ES,Network 1,District,Citywide,239,0,239,0,0,0,1,#DIV/0!,#DIV/0!
610191,STONE,ACTIVE,ES,Network 2,District,Citywide,626,0,626,0,0,0,1,#DIV/0!,#DIV/0!
610201,THORP O,ACTIVE,ES,Network 1,District,Citywide,840,0,840,0,0,0,1,#DIV/0!,#DIV/0!
610207,VANDERPOEL,ACTIVE,ES,Network 10,District,Citywide,287,0,287,0,0,0,1,#DIV/0!,#DIV/0!
610244,CLARK HS,ACTIVE,HS,Network 3,District,Citywide,548,0,548,0,0,0,1,#DIV/0!,#DIV/0!
610245,DOUGLASS HS,ACTIVE,HS,Network 3,District,Citywide,175,0,175,0,0,0,1,#DIV/0!,#DIV/0!
610246,BEASLEY,ACTIVE,ES,Network 9,District,Citywide,1353,0,1353,0,0,0,1,#DIV/0!,#DIV/0!
610248,CHICAGO ACADEMY ES,ACTIVE,ES,AUSL,District,Citywide,601,0,601,0,0,0,1,#DIV/0!,#DIV/0!
610249,TALMAN,ACTIVE,ES,ISP,District,Citywide,445,0,445,0,0,0,1,#DIV/0!,#DIV/0!
610250,SALAZAR,ACTIVE,ES,Network 6,District,Citywide,366,0,366,0,0,0,1,#DIV/0!,#DIV/0!
610287,ASHBURN,ACTIVE,ES,Network 10,District,Citywide,507,0,507,0,0,0,1,#DIV/0!,#DIV/0!
610298,LENART,ACTIVE,ES,ISP,District,Citywide,288,0,288,0,0,0,1,#DIV/0!,#DIV/0!
610304,PHOENIX MILITARY HS,ACTIVE,HS,Service Leadership Academies,District,Citywide,540,0,540,0,0,0,1,#DIV/0!,#DIV/0!
610308,RUDOLPH,ACTIVE,ES,Network 6,District,Citywide,93,0,93,0,0,0,1,#DIV/0!,#DIV/0!
610334,RABY HS,ACTIVE,HS,Network 5,District,Citywide,416,0,416,0,0,0,1,#DIV/0!,#DIV/0!
610340,CHICAGO ACADEMY HS,ACTIVE,HS,AUSL,District,Citywide,549,0,549,0,0,0,1,#DIV/0!,#DIV/0!
610342,SABIN,ACTIVE,ES,Network 5,District,Citywide,602,0,602,0,0,0,1,#DIV/0!,#DIV/0!
610350,BLACK,ACTIVE,ES,Network 12,District,Citywide,444,0,444,0,0,0,1,#DIV/0!,#DIV/0!
610354,NORTH RIVER,ACTIVE,ES,Network 1,District,Citywide,327,0,327,0,0,0,1,#DIV/0!,#DIV/0!
610357,SPRY HS,ACTIVE,HS,Network 7,District,Citywide,162,0,162,0,0,0,1,#DIV/0!,#DIV/0!
610363,DISNEY,ACTIVE,ES,ISP,District,Citywide,1564,0,1564,0,0,0,1,#DIV/0!,#DIV/0!
610380,WILLIAMS HS,ACTIVE,HS,Network 9,District,Citywide,237,0,237,0,0,0,1,#DIV/0!,#DIV/0!
610381,BRONZEVILLE HS,ACTIVE,HS,Network 9,District,Citywide,376,0,376,0,0,0,1,#DIV/0!,#DIV/0!
610386,PEACE AND EDUCATION HS,ACTIVE,HS,ISP,District,Citywide,113,0,113,0,0,0,1,#DIV/0!,#DIV/0!
610390,RICKOVER MILITARY HS,ACTIVE,HS,Service Leadership Academies,District,Citywide,567,0,567,0,0,0,1,#DIV/0!,#DIV/0!
610391,LINDBLOM HS,ACTIVE,HS,Network 11,District,Citywide,1294,0,1294,0,0,0,1,#DIV/0!,#DIV/0!
610394,UPLIFT HS,ACTIVE,HS,Network 2,District,Citywide,301,0,301,0,0,0,1,#DIV/0!,#DIV/0!
610402,DEVRY HS,ACTIVE,HS,Network 4,District,Citywide,196,0,196,0,0,0,1,#DIV/0!,#DIV/0!
610405,SUDER,ACTIVE,ES,Network 6,District,Citywide,411,0,411,0,0,0,1,#DIV/0!,#DIV/0!
610499,COLLINS HS,ACTIVE,HS,AUSL,District,Citywide,295,0,295,0,0,0,1,#DIV/0!,#DIV/0!
610503,FRAZIER PROSPECTIVE,ACTIVE,ES,Network 5,District,Citywide,252,0,252,0,0,0,1,#DIV/0!,#DIV/0!
610504,THOMAS,ACTIVE,ES,Network 8,District,Citywide,161,0,161,0,0,0,1,#DIV/0!,#DIV/0!
610506,TEAM HS,ACTIVE,HS,Network 11,District,Citywide,160,0,160,0,0,0,1,#DIV/0!,#DIV/0!
610513,AIR FORCE HS,ACTIVE,HS,Service Leadership Academies,District,Citywide,335,0,335,0,0,0,1,#DIV/0!,#DIV/0!
610515,DISNEY II ES,ACTIVE,ES,Network 1,District,Citywide,428,0,428,0,0,0,1,#DIV/0!,#DIV/0!
610520,LASALLE II,ACTIVE,ES,ISP,District,Citywide,595,0,595,0,0,0,1,#DIV/0!,#DIV/0!
610521,DAVIS M,ACTIVE,ES,Network 11,District,Citywide,261,0,261,0,0,0,1,#DIV/0!,#DIV/0!
610524,ALCOTT HS,ACTIVE,HS,Network 4,District,Citywide,331,0,331,0,0,0,1,#DIV/0!,#DIV/0!
610529,OGDEN HS,ACTIVE,HS,Network 6,District,Citywide,716,0,716,0,0,0,1,#DIV/0!,#DIV/0!
610530,SOUTH SHORE ES,ACTIVE,ES,Network 12,District,Citywide,453,0,453,0,0,0,1,#DIV/0!,#DIV/0!
610534,SKINNER NORTH,ACTIVE,ES,ISP,District,Citywide,488,0,488,0,0,0,1,#DIV/0!,#DIV/0!
610547,SOUTH SHORE INTL HS,ACTIVE,HS,Network 12,District,Citywide,591,0,591,0,0,0,1,#DIV/0!,#DIV/0!
610548,STEM,ACTIVE,ES,Network 6,District,Citywide,461,0,461,0,0,0,1,#DIV/0!,#DIV/0!
610555,BANNER WEST HS,ACTIVE,HS,Options,ALOP,Citywide,241,0,241,0,0,0,1,#DIV/0!,#DIV/0!
610557,PATHWAYS - ASHBURN HS,ACTIVE,HS,Options,ALOP,Citywide,199,0,199,0,0,0,1,#DIV/0!,#DIV/0!
610558,GOODE HS,ACTIVE,HS,Network 10,District,Citywide,861,0,861,0,0,0,1,#DIV/0!,#DIV/0!
610561,CRANE MEDICAL HS,ACTIVE,HS,Network 6,District,Citywide,590,0,590,0,0,0,1,#DIV/0!,#DIV/0!
610563,BACK OF THE YARDS HS,ACTIVE,HS,Network 8,District,Citywide,1044,0,1044,0,0,0,1,#DIV/0!,#DIV/0!
610564,DISNEY II HS,ACTIVE,HS,ISP,District,Citywide,730,0,730,0,0,0,1,#DIV/0!,#DIV/0!
610565,CAMELOT - EXCEL ENGLEWOOD HS,ACTIVE,HS,Options,Contract,Citywide,215,0,215,0,0,0,1,#DIV/0!,#DIV/0!
610566,MAGIC JOHNSON - N LAWNDALE HS,ACTIVE,HS,Options,ALOP,Citywide,178,0,178,0,0,0,1,#DIV/0!,#DIV/0!
610567,MAGIC JOHNSON - ROSELAND HS,ACTIVE,HS,Options,ALOP,Citywide,202,0,202,0,0,0,1,#DIV/0!,#DIV/0!
610568,PATHWAYS - AVONDALE HS,ACTIVE,HS,Options,ALOP,Citywide,250,0,250,0,0,0,1,#DIV/0!,#DIV/0!
610569,OMBUDSMAN - NORTHWEST HS,ACTIVE,HS,Options,ALOP,Citywide,257,0,257,0,0,0,1,#DIV/0!,#DIV/0!
610570,OMBUDSMAN - SOUTH HS,ACTIVE,HS,Options,ALOP,Citywide,461,0,461,0,0,0,1,#DIV/0!,#DIV/0!
610571,OMBUDSMAN - WEST HS,ACTIVE,HS,Options,ALOP,Citywide,365,0,365,0,0,0,1,#DIV/0!,#DIV/0!
610572,CAMELOT SAFE ES,ACTIVE,ES,Options,Safe,Citywide,12,0,12,0,0,0,1,#DIV/0!,#DIV/0!
610573,CAMELOT SAFE HS,ACTIVE,HS,Options,Safe,Citywide,12,0,12,0,0,0,1,#DIV/0!,#DIV/0!
610580,MAGIC JOHNSON - HUMBOLDT PK HS,ACTIVE,HS,Options,ALOP,Citywide,202,0,202,0,0,0,1,#DIV/0!,#DIV/0!
610581,MAGIC JOHNSON - BRAINERD HS,ACTIVE,HS,Options,ALOP,Citywide,119,0,119,0,0,0,1,#DIV/0!,#DIV/0!
610582,MAGIC JOHNSON - ENGLEWOOD HS,ACTIVE,HS,Options,ALOP,Citywide,118,0,118,0,0,0,1,#DIV/0!,#DIV/0!
610584,CAMELOT SAFE - GARFIELD ES,ACTIVE,ES,Options,Safe,Citywide,6,0,6,0,0,0,1,#DIV/0!,#DIV/0!
610585,CAMELOT SAFE - GARFIELD HS,ACTIVE,HS,Options,Safe,Citywide,17,0,17,0,0,0,1,#DIV/0!,#DIV/0!
400179,NOBLE - MANSUETO HS,NEW,HS,Charter,Charter,Citywide,183,0,183,0,0,0,1,#DIV/0!,#DIV/0!
400180,KIPP ONE,NEW,ES,Charter,Charter,Citywide,185,0,185,0,0,0,1,#DIV/0!,#DIV/0!
609775,ALTGELD,CLOSED,ES,,District,Attendance Area School,,,,,,,,,
610156,"ARMSTRONG, L",CLOSED,ES,,District,Attendance Area School,,,,,,,,,
609781,ATTUCKS,CLOSED,ES,,District,Attendance Area School,,,,,,,,,
610265,BANNEKER,CLOSED,ES,,District,Attendance Area School,,,,,,,,,
610365,BETHUNE,CLOSED,ES,,District,Attendance Area School,,,,,,,,,
610161,BONTEMPS,CLOSED,ES,,District,Attendance Area School,,,,,,,,,
610280,BUCKINGHAM,CLOSED,ES,,District,Attendance Area School,,,,,,,,,
610243,CALHOUN,CLOSED,ES,,District,Attendance Area School,,,,,,,,,
610018,CANTER,CLOSED,ES,,District,Attendance Area School,,,,,,,,,
610309,CHICAGO DISCOVERY HS,CLOSED,ES,,District,Attendance Area School,,,,,,,,,
609702,CRANE HS,CLOSED,ES,,District,Attendance Area School,,,,,,,,,
609881,DELANO,CLOSED,ES,,District,Attendance Area School,,,,,,,,,
610266,DUMAS TECH ACAD,CLOSED,ES,,District,Attendance Area School,,,,,,,,,
610320,DUPREY,CLOSED,ES,,District,Attendance Area School,,,,,,,,,
609736,DYETT HS,CLOSED,ES,,District,Attendance Area School,,,,,,,,,
609906,EMMET,CLOSED,ES,,District,Attendance Area School,,,,,,,,,
609916,FERMI,CLOSED,ES,,District,Attendance Area School,,,,,,,,,
400095,GARFIELD PARK,CLOSED,ES,,District,Attendance Area School,,,,,,,,,
610324,GLOBAL VISIONS HS,CLOSED,ES,,District,Attendance Area School,,,,,,,,,
610348,GOLDBLATT,CLOSED,ES,,District,Attendance Area School,,,,,,,,,
609913,GOODLOW,CLOSED,ES,,District,Attendance Area School,,,,,,,,,
610283,GUGGENHEIM,CLOSED,ES,,District,Attendance Area School,,,,,,,,,
610240,HENSON,CLOSED,ES,,District,Attendance Area School,,,,,,,,,
609989,HERBERT,CLOSED,ES,,District,Attendance Area School,,,,,,,,,
610020,KEY,CLOSED,ES,,District,Attendance Area School,,,,,,,,,
610023,KING,CLOSED,ES,,District,Attendance Area School,,,,,,,,,
610028,KOHN,CLOSED,ES,,District,Attendance Area School,,,,,,,,,
610031,LAFAYETTE,CLOSED,ES,,District,Attendance Area School,,,,,,,,,
609765,LAS CASAS OCCUPATIONAL HS,CLOSED,ES,,District,Attendance Area School,,,,,,,,,
610045,LAWRENCE,CLOSED,ES,,District,Attendance Area School,,,,,,,,,
610241,MARCONI,CLOSED,ES,,District,Attendance Area School,,,,,,,,,
610058,MAY,CLOSED,ES,,District,Attendance Area School,,,,,,,,,
610061,MAYO,CLOSED,ES,,District,Attendance Area School,,,,,,,,,
610260,MCCORKLE,CLOSED,ES,,District,Attendance Area School,,,,,,,,,
610072,MORGAN,CLOSED,ES,,District,Attendance Area School,,,,,,,,,
610085,NEAR NORTH,CLOSED,ES,,District,Attendance Area School,,,,,,,,,
610277,OVERTON,CLOSED,ES,,District,Attendance Area School,,,,,,,,,
609932,OWENS,CLOSED,ES,,District,Attendance Area School,,,,,,,,,
610273,PADEREWSKI,CLOSED,ES,,District,Attendance Area School,,,,,,,,,
610114,PARKMAN,CLOSED,ES,,District,Attendance Area School,,,,,,,,,
610119,PEABODY,CLOSED,ES,,District,Attendance Area School,,,,,,,,,
610395,PERSHING MIDDLE,CLOSED,ES,,District,Attendance Area School,,,,,,,,,
610134,POPE,CLOSED,ES,,District,Attendance Area School,,,,,,,,,
610258,PRICE,CLOSED,ES,,District,Attendance Area School,,,,,,,,,
610150,ROSS,CLOSED,ES,,District,Attendance Area School,,,,,,,,,
610154,RYERSON,CLOSED,ES,,District,Attendance Area School,,,,,,,,,
610164,SCHNEIDER,CLOSED,ES,,District,Attendance Area School,,,,,,,,,
610297,SCHOOL OF LEADERSHIP HS,CLOSED,ES,,District,Attendance Area School,,,,,,,,,
610310,SCHOOL OF THE ARTS HS,CLOSED,ES,,District,Attendance Area School,,,,,,,,,
610169,SEXTON,CLOSED,ES,,District,Attendance Area School,,,,,,,,,
610160,SONGHAI,CLOSED,ES,,District,Attendance Area School,,,,,,,,,
610187,STEWART,CLOSED,ES,,District,Attendance Area School,,,,,,,,,
610189,STOCKTON,CLOSED,ES,,District,Attendance Area School,,,,,,,,,
610205,TRUMBULL,CLOSED,ES,,District,Attendance Area School,,,,,,,,,
610210,VON HUMBOLDT,CLOSED,ES,,District,Attendance Area School,,,,,,,,,
610224,WEST PULLMAN,CLOSED,ES,,District,Attendance Area School,,,,,,,,,
610336,WILIAMS MIDDLE,CLOSED,ES,,District,Attendance Area School,,,,,,,,,
610232,WILLIAMS ES,CLOSED,ES,,District,Attendance Area School,,,,,,,,,
610285,WOODS,CLOSED,ES,,District,Attendance Area School,,,,,,,,,
610233,YALE,CLOSED,ES,,District,Attendance Area School,,,,,,,,,